,State Code,County Code,Site Num,Parameter Code,POC,Latitude,Longitude,Datum,Parameter Name,Sample Duration,Pollutant Standard,Date Local,Units of Measure,Event Type,Observation Count,Observation Percent,Arithmetic Mean,1st Max Value,1st Max Hour,AQI,Method Code,Method Name,Local Site Name,Address,State Name,County Name,City Name,CBSA Name,Date of Last Change
954,6,65,10,62201,1,33.747236,-115.82012399999999,NAD83,Relative Humidity ,1 HOUR,,2021-01-01,Percent relative humidity,None,24,100.0,35.875,43.0,23,,12,INSTRUMENTAL - HYGROSCOPIC PLASTIC FILM,Joshua Tree NP - Cottonwood Visitor Center,"Joshua Tree National Park, California",California,Riverside,Joshua Tree National Monument,"Riverside-San Bernardino-Ontario, CA",2021-04-07
955,6,65,10,62201,1,33.747236,-115.82012399999999,NAD83,Relative Humidity ,1 HOUR,,2021-01-02,Percent relative humidity,None,24,100.0,37.041667,48.0,3,,12,INSTRUMENTAL - HYGROSCOPIC PLASTIC FILM,Joshua Tree NP - Cottonwood Visitor Center,"Joshua Tree National Park, California",California,Riverside,Joshua Tree National Monument,"Riverside-San Bernardino-Ontario, CA",2021-04-07
956,6,65,10,62201,1,33.747236,-115.82012399999999,NAD83,Relative Humidity ,1 HOUR,,2021-01-03,Percent relative humidity,None,24,100.0,42.833333,61.0,23,,12,INSTRUMENTAL - HYGROSCOPIC PLASTIC FILM,Joshua Tree NP - Cottonwood Visitor Center,"Joshua Tree National Park, California",California,Riverside,Joshua Tree National Monument,"Riverside-San Bernardino-Ontario, CA",2021-04-07
957,6,65,10,62201,1,33.747236,-115.82012399999999,NAD83,Relative Humidity ,1 HOUR,,2021-01-04,Percent relative humidity,None,24,100.0,46.833333,67.0,5,,12,INSTRUMENTAL - HYGROSCOPIC PLASTIC FILM,Joshua Tree NP - Cottonwood Visitor Center,"Joshua Tree National Park, California",California,Riverside,Joshua Tree National Monument,"Riverside-San Bernardino-Ontario, CA",2021-04-07
958,6,65,10,62201,1,33.747236,-115.82012399999999,NAD83,Relative Humidity ,1 HOUR,,2021-01-05,Percent relative humidity,None,24,100.0,42.125,60.0,6,,12,INSTRUMENTAL - HYGROSCOPIC PLASTIC FILM,Joshua Tree NP - Cottonwood Visitor Center,"Joshua Tree National Park, California",California,Riverside,Joshua Tree National Monument,"Riverside-San Bernardino-Ontario, CA",2021-04-07
959,6,65,10,62201,1,33.747236,-115.82012399999999,NAD83,Relative Humidity ,1 HOUR,,2021-01-06,Percent relative humidity,None,24,100.0,28.708333000000003,40.0,4,,12,INSTRUMENTAL - HYGROSCOPIC PLASTIC FILM,Joshua Tree NP - Cottonwood Visitor Center,"Joshua Tree National Park, California",California,Riverside,Joshua Tree National Monument,"Riverside-San Bernardino-Ontario, CA",2021-04-07
960,6,65,10,62201,1,33.747236,-115.82012399999999,NAD83,Relative Humidity ,1 HOUR,,2021-01-07,Percent relative humidity,None,24,100.0,23.333333,31.0,0,,12,INSTRUMENTAL - HYGROSCOPIC PLASTIC FILM,Joshua Tree NP - Cottonwood Visitor Center,"Joshua Tree National Park, California",California,Riverside,Joshua Tree National Monument,"Riverside-San Bernardino-Ontario, CA",2021-04-07
961,6,65,10,62201,1,33.747236,-115.82012399999999,NAD83,Relative Humidity ,1 HOUR,,2021-01-08,Percent relative humidity,None,24,100.0,16.791667,25.0,0,,12,INSTRUMENTAL - HYGROSCOPIC PLASTIC FILM,Joshua Tree NP - Cottonwood Visitor Center,"Joshua Tree National Park, California",California,Riverside,Joshua Tree National Monument,"Riverside-San Bernardino-Ontario, CA",2021-04-07
962,6,65,10,62201,1,33.747236,-115.82012399999999,NAD83,Relative Humidity ,1 HOUR,,2021-01-09,Percent relative humidity,None,24,100.0,22.166667,32.0,6,,12,INSTRUMENTAL - HYGROSCOPIC PLASTIC FILM,Joshua Tree NP - Cottonwood Visitor Center,"Joshua Tree National Park, California",California,Riverside,Joshua Tree National Monument,"Riverside-San Bernardino-Ontario, CA",2021-04-07
963,6,65,10,62201,1,33.747236,-115.82012399999999,NAD83,Relative Humidity ,1 HOUR,,2021-01-10,Percent relative humidity,None,24,100.0,31.333333000000003,40.0,23,,12,INSTRUMENTAL - HYGROSCOPIC PLASTIC FILM,Joshua Tree NP - Cottonwood Visitor Center,"Joshua Tree National Park, California",California,Riverside,Joshua Tree National Monument,"Riverside-San Bernardino-Ontario, CA",2021-04-07
964,6,65,10,62201,1,33.747236,-115.82012399999999,NAD83,Relative Humidity ,1 HOUR,,2021-01-11,Percent relative humidity,None,24,100.0,29.416666999999997,41.0,1,,12,INSTRUMENTAL - HYGROSCOPIC PLASTIC FILM,Joshua Tree NP - Cottonwood Visitor Center,"Joshua Tree National Park, California",California,Riverside,Joshua Tree National Monument,"Riverside-San Bernardino-Ontario, CA",2021-04-07
965,6,65,10,62201,1,33.747236,-115.82012399999999,NAD83,Relative Humidity ,1 HOUR,,2021-01-12,Percent relative humidity,None,24,100.0,26.333333000000003,39.0,4,,12,INSTRUMENTAL - HYGROSCOPIC PLASTIC FILM,Joshua Tree NP - Cottonwood Visitor Center,"Joshua Tree National Park, California",California,Riverside,Joshua Tree National Monument,"Riverside-San Bernardino-Ontario, CA",2021-04-07
966,6,65,10,62201,1,33.747236,-115.82012399999999,NAD83,Relative Humidity ,1 HOUR,,2021-01-13,Percent relative humidity,None,24,100.0,17.208333,23.0,1,,12,INSTRUMENTAL - HYGROSCOPIC PLASTIC FILM,Joshua Tree NP - Cottonwood Visitor Center,"Joshua Tree National Park, California",California,Riverside,Joshua Tree National Monument,"Riverside-San Bernardino-Ontario, CA",2021-04-07
967,6,65,10,62201,1,33.747236,-115.82012399999999,NAD83,Relative Humidity ,1 HOUR,,2021-01-14,Percent relative humidity,None,24,100.0,22.166667,28.0,6,,12,INSTRUMENTAL - HYGROSCOPIC PLASTIC FILM,Joshua Tree NP - Cottonwood Visitor Center,"Joshua Tree National Park, California",California,Riverside,Joshua Tree National Monument,"Riverside-San Bernardino-Ontario, CA",2021-04-07
968,6,65,10,62201,1,33.747236,-115.82012399999999,NAD83,Relative Humidity ,1 HOUR,,2021-01-15,Percent relative humidity,None,24,100.0,16.875,25.0,0,,12,INSTRUMENTAL - HYGROSCOPIC PLASTIC FILM,Joshua Tree NP - Cottonwood Visitor Center,"Joshua Tree National Park, California",California,Riverside,Joshua Tree National Monument,"Riverside-San Bernardino-Ontario, CA",2021-04-07
969,6,65,10,62201,1,33.747236,-115.82012399999999,NAD83,Relative Humidity ,1 HOUR,,2021-01-16,Percent relative humidity,None,24,100.0,16.916667,25.0,22,,12,INSTRUMENTAL - HYGROSCOPIC PLASTIC FILM,Joshua Tree NP - Cottonwood Visitor Center,"Joshua Tree National Park, California",California,Riverside,Joshua Tree National Monument,"Riverside-San Bernardino-Ontario, CA",2021-04-07
970,6,65,10,62201,1,33.747236,-115.82012399999999,NAD83,Relative Humidity ,1 HOUR,,2021-01-17,Percent relative humidity,None,24,100.0,20.875,29.0,3,,12,INSTRUMENTAL - HYGROSCOPIC PLASTIC FILM,Joshua Tree NP - Cottonwood Visitor Center,"Joshua Tree National Park, California",California,Riverside,Joshua Tree National Monument,"Riverside-San Bernardino-Ontario, CA",2021-04-07
971,6,65,10,62201,1,33.747236,-115.82012399999999,NAD83,Relative Humidity ,1 HOUR,,2021-01-18,Percent relative humidity,None,24,100.0,19.458333,26.0,20,,12,INSTRUMENTAL - HYGROSCOPIC PLASTIC FILM,Joshua Tree NP - Cottonwood Visitor Center,"Joshua Tree National Park, California",California,Riverside,Joshua Tree National Monument,"Riverside-San Bernardino-Ontario, CA",2021-04-07
972,6,65,10,62201,1,33.747236,-115.82012399999999,NAD83,Relative Humidity ,1 HOUR,,2021-01-19,Percent relative humidity,None,24,100.0,35.958333,69.0,18,,12,INSTRUMENTAL - HYGROSCOPIC PLASTIC FILM,Joshua Tree NP - Cottonwood Visitor Center,"Joshua Tree National Park, California",California,Riverside,Joshua Tree National Monument,"Riverside-San Bernardino-Ontario, CA",2021-04-07
973,6,65,10,62201,1,33.747236,-115.82012399999999,NAD83,Relative Humidity ,1 HOUR,,2021-01-20,Percent relative humidity,None,24,100.0,81.833333,93.0,16,,12,INSTRUMENTAL - HYGROSCOPIC PLASTIC FILM,Joshua Tree NP - Cottonwood Visitor Center,"Joshua Tree National Park, California",California,Riverside,Joshua Tree National Monument,"Riverside-San Bernardino-Ontario, CA",2021-04-07
974,6,65,10,62201,1,33.747236,-115.82012399999999,NAD83,Relative Humidity ,1 HOUR,,2021-01-21,Percent relative humidity,None,24,100.0,68.583333,87.0,0,,12,INSTRUMENTAL - HYGROSCOPIC PLASTIC FILM,Joshua Tree NP - Cottonwood Visitor Center,"Joshua Tree National Park, California",California,Riverside,Joshua Tree National Monument,"Riverside-San Bernardino-Ontario, CA",2021-04-07
975,6,65,10,62201,1,33.747236,-115.82012399999999,NAD83,Relative Humidity ,1 HOUR,,2021-01-22,Percent relative humidity,None,24,100.0,76.375,96.0,7,,12,INSTRUMENTAL - HYGROSCOPIC PLASTIC FILM,Joshua Tree NP - Cottonwood Visitor Center,"Joshua Tree National Park, California",California,Riverside,Joshua Tree National Monument,"Riverside-San Bernardino-Ontario, CA",2021-04-07
976,6,65,10,62201,1,33.747236,-115.82012399999999,NAD83,Relative Humidity ,1 HOUR,,2021-01-23,Percent relative humidity,None,24,100.0,66.833333,87.0,23,,12,INSTRUMENTAL - HYGROSCOPIC PLASTIC FILM,Joshua Tree NP - Cottonwood Visitor Center,"Joshua Tree National Park, California",California,Riverside,Joshua Tree National Monument,"Riverside-San Bernardino-Ontario, CA",2021-04-07
977,6,65,10,62201,1,33.747236,-115.82012399999999,NAD83,Relative Humidity ,1 HOUR,,2021-01-24,Percent relative humidity,None,24,100.0,71.375,93.0,7,,12,INSTRUMENTAL - HYGROSCOPIC PLASTIC FILM,Joshua Tree NP - Cottonwood Visitor Center,"Joshua Tree National Park, California",California,Riverside,Joshua Tree National Monument,"Riverside-San Bernardino-Ontario, CA",2021-04-07
978,6,65,10,62201,1,33.747236,-115.82012399999999,NAD83,Relative Humidity ,1 HOUR,,2021-01-25,Percent relative humidity,None,24,100.0,75.791667,97.0,7,,12,INSTRUMENTAL - HYGROSCOPIC PLASTIC FILM,Joshua Tree NP - Cottonwood Visitor Center,"Joshua Tree National Park, California",California,Riverside,Joshua Tree National Monument,"Riverside-San Bernardino-Ontario, CA",2021-04-07
979,6,65,10,62201,1,33.747236,-115.82012399999999,NAD83,Relative Humidity ,1 HOUR,,2021-01-26,Percent relative humidity,None,24,100.0,55.583332999999996,74.0,4,,12,INSTRUMENTAL - HYGROSCOPIC PLASTIC FILM,Joshua Tree NP - Cottonwood Visitor Center,"Joshua Tree National Park, California",California,Riverside,Joshua Tree National Monument,"Riverside-San Bernardino-Ontario, CA",2021-04-07
980,6,65,10,62201,1,33.747236,-115.82012399999999,NAD83,Relative Humidity ,1 HOUR,,2021-01-27,Percent relative humidity,None,24,100.0,60.833332999999996,75.0,20,,12,INSTRUMENTAL - HYGROSCOPIC PLASTIC FILM,Joshua Tree NP - Cottonwood Visitor Center,"Joshua Tree National Park, California",California,Riverside,Joshua Tree National Monument,"Riverside-San Bernardino-Ontario, CA",2021-04-07
981,6,65,10,62201,1,33.747236,-115.82012399999999,NAD83,Relative Humidity ,1 HOUR,,2021-01-28,Percent relative humidity,None,24,100.0,47.0,66.0,0,,12,INSTRUMENTAL - HYGROSCOPIC PLASTIC FILM,Joshua Tree NP - Cottonwood Visitor Center,"Joshua Tree National Park, California",California,Riverside,Joshua Tree National Monument,"Riverside-San Bernardino-Ontario, CA",2021-04-07
982,6,65,10,62201,1,33.747236,-115.82012399999999,NAD83,Relative Humidity ,1 HOUR,,2021-01-29,Percent relative humidity,None,24,100.0,68.458333,95.0,7,,12,INSTRUMENTAL - HYGROSCOPIC PLASTIC FILM,Joshua Tree NP - Cottonwood Visitor Center,"Joshua Tree National Park, California",California,Riverside,Joshua Tree National Monument,"Riverside-San Bernardino-Ontario, CA",2021-04-07
983,6,65,10,62201,1,33.747236,-115.82012399999999,NAD83,Relative Humidity ,1 HOUR,,2021-01-30,Percent relative humidity,None,24,100.0,61.375,84.0,6,,12,INSTRUMENTAL - HYGROSCOPIC PLASTIC FILM,Joshua Tree NP - Cottonwood Visitor Center,"Joshua Tree National Park, California",California,Riverside,Joshua Tree National Monument,"Riverside-San Bernardino-Ontario, CA",2021-04-07
984,6,65,10,62201,1,33.747236,-115.82012399999999,NAD83,Relative Humidity ,1 HOUR,,2021-01-31,Percent relative humidity,None,24,100.0,47.791667,70.0,2,,12,INSTRUMENTAL - HYGROSCOPIC PLASTIC FILM,Joshua Tree NP - Cottonwood Visitor Center,"Joshua Tree National Park, California",California,Riverside,Joshua Tree National Monument,"Riverside-San Bernardino-Ontario, CA",2021-04-07
985,6,65,10,62201,1,33.747236,-115.82012399999999,NAD83,Relative Humidity ,1 HOUR,,2021-02-01,Percent relative humidity,None,24,100.0,39.958333,60.0,20,,12,INSTRUMENTAL - HYGROSCOPIC PLASTIC FILM,Joshua Tree NP - Cottonwood Visitor Center,"Joshua Tree National Park, California",California,Riverside,Joshua Tree National Monument,"Riverside-San Bernardino-Ontario, CA",2021-04-07
986,6,65,10,62201,1,33.747236,-115.82012399999999,NAD83,Relative Humidity ,1 HOUR,,2021-02-02,Percent relative humidity,None,24,100.0,47.916667,61.0,5,,12,INSTRUMENTAL - HYGROSCOPIC PLASTIC FILM,Joshua Tree NP - Cottonwood Visitor Center,"Joshua Tree National Park, California",California,Riverside,Joshua Tree National Monument,"Riverside-San Bernardino-Ontario, CA",2021-04-07
987,6,65,10,62201,1,33.747236,-115.82012399999999,NAD83,Relative Humidity ,1 HOUR,,2021-02-03,Percent relative humidity,None,22,92.0,38.227273,69.0,3,,12,INSTRUMENTAL - HYGROSCOPIC PLASTIC FILM,Joshua Tree NP - Cottonwood Visitor Center,"Joshua Tree National Park, California",California,Riverside,Joshua Tree National Monument,"Riverside-San Bernardino-Ontario, CA",2021-04-07
988,6,65,10,62201,1,33.747236,-115.82012399999999,NAD83,Relative Humidity ,1 HOUR,,2021-02-04,Percent relative humidity,None,10,42.0,33.4,44.0,0,,12,INSTRUMENTAL - HYGROSCOPIC PLASTIC FILM,Joshua Tree NP - Cottonwood Visitor Center,"Joshua Tree National Park, California",California,Riverside,Joshua Tree National Monument,"Riverside-San Bernardino-Ontario, CA",2021-04-07
989,6,65,10,62201,1,33.747236,-115.82012399999999,NAD83,Relative Humidity ,1 HOUR,,2021-02-09,Percent relative humidity,None,9,38.0,37.0,47.0,20,,12,INSTRUMENTAL - HYGROSCOPIC PLASTIC FILM,Joshua Tree NP - Cottonwood Visitor Center,"Joshua Tree National Park, California",California,Riverside,Joshua Tree National Monument,"Riverside-San Bernardino-Ontario, CA",2021-04-07
990,6,65,10,62201,1,33.747236,-115.82012399999999,NAD83,Relative Humidity ,1 HOUR,,2021-02-10,Percent relative humidity,None,24,100.0,33.666667,48.0,5,,12,INSTRUMENTAL - HYGROSCOPIC PLASTIC FILM,Joshua Tree NP - Cottonwood Visitor Center,"Joshua Tree National Park, California",California,Riverside,Joshua Tree National Monument,"Riverside-San Bernardino-Ontario, CA",2021-04-07
991,6,65,10,62201,1,33.747236,-115.82012399999999,NAD83,Relative Humidity ,1 HOUR,,2021-02-11,Percent relative humidity,None,24,100.0,33.416667,52.0,6,,12,INSTRUMENTAL - HYGROSCOPIC PLASTIC FILM,Joshua Tree NP - Cottonwood Visitor Center,"Joshua Tree National Park, California",California,Riverside,Joshua Tree National Monument,"Riverside-San Bernardino-Ontario, CA",2021-04-07
992,6,65,10,62201,1,33.747236,-115.82012399999999,NAD83,Relative Humidity ,1 HOUR,,2021-02-12,Percent relative humidity,None,24,100.0,44.333333,60.0,23,,12,INSTRUMENTAL - HYGROSCOPIC PLASTIC FILM,Joshua Tree NP - Cottonwood Visitor Center,"Joshua Tree National Park, California",California,Riverside,Joshua Tree National Monument,"Riverside-San Bernardino-Ontario, CA",2021-04-07
993,6,65,10,62201,1,33.747236,-115.82012399999999,NAD83,Relative Humidity ,1 HOUR,,2021-02-13,Percent relative humidity,None,24,100.0,39.458333,61.0,4,,12,INSTRUMENTAL - HYGROSCOPIC PLASTIC FILM,Joshua Tree NP - Cottonwood Visitor Center,"Joshua Tree National Park, California",California,Riverside,Joshua Tree National Monument,"Riverside-San Bernardino-Ontario, CA",2021-04-07
994,6,65,10,62201,1,33.747236,-115.82012399999999,NAD83,Relative Humidity ,1 HOUR,,2021-02-14,Percent relative humidity,None,24,100.0,27.125,43.0,1,,12,INSTRUMENTAL - HYGROSCOPIC PLASTIC FILM,Joshua Tree NP - Cottonwood Visitor Center,"Joshua Tree National Park, California",California,Riverside,Joshua Tree National Monument,"Riverside-San Bernardino-Ontario, CA",2021-04-07
995,6,65,10,62201,1,33.747236,-115.82012399999999,NAD83,Relative Humidity ,1 HOUR,,2021-02-15,Percent relative humidity,None,24,100.0,41.125,65.0,23,,12,INSTRUMENTAL - HYGROSCOPIC PLASTIC FILM,Joshua Tree NP - Cottonwood Visitor Center,"Joshua Tree National Park, California",California,Riverside,Joshua Tree National Monument,"Riverside-San Bernardino-Ontario, CA",2021-04-07
996,6,65,10,62201,1,33.747236,-115.82012399999999,NAD83,Relative Humidity ,1 HOUR,,2021-02-16,Percent relative humidity,None,24,100.0,34.25,65.0,4,,12,INSTRUMENTAL - HYGROSCOPIC PLASTIC FILM,Joshua Tree NP - Cottonwood Visitor Center,"Joshua Tree National Park, California",California,Riverside,Joshua Tree National Monument,"Riverside-San Bernardino-Ontario, CA",2021-04-07
997,6,65,10,62201,1,33.747236,-115.82012399999999,NAD83,Relative Humidity ,1 HOUR,,2021-02-17,Percent relative humidity,None,24,100.0,25.0,33.0,0,,12,INSTRUMENTAL - HYGROSCOPIC PLASTIC FILM,Joshua Tree NP - Cottonwood Visitor Center,"Joshua Tree National Park, California",California,Riverside,Joshua Tree National Monument,"Riverside-San Bernardino-Ontario, CA",2021-04-07
998,6,65,10,62201,1,33.747236,-115.82012399999999,NAD83,Relative Humidity ,1 HOUR,,2021-02-18,Percent relative humidity,None,24,100.0,19.75,30.0,3,,12,INSTRUMENTAL - HYGROSCOPIC PLASTIC FILM,Joshua Tree NP - Cottonwood Visitor Center,"Joshua Tree National Park, California",California,Riverside,Joshua Tree National Monument,"Riverside-San Bernardino-Ontario, CA",2021-04-07
999,6,65,10,62201,1,33.747236,-115.82012399999999,NAD83,Relative Humidity ,1 HOUR,,2021-02-19,Percent relative humidity,None,19,79.0,14.578947,24.0,23,,12,INSTRUMENTAL - HYGROSCOPIC PLASTIC FILM,Joshua Tree NP - Cottonwood Visitor Center,"Joshua Tree National Park, California",California,Riverside,Joshua Tree National Monument,"Riverside-San Bernardino-Ontario, CA",2021-04-07
1000,6,65,10,62201,1,33.747236,-115.82012399999999,NAD83,Relative Humidity ,1 HOUR,,2021-02-20,Percent relative humidity,None,24,100.0,24.791667,44.0,5,,12,INSTRUMENTAL - HYGROSCOPIC PLASTIC FILM,Joshua Tree NP - Cottonwood Visitor Center,"Joshua Tree National Park, California",California,Riverside,Joshua Tree National Monument,"Riverside-San Bernardino-Ontario, CA",2021-04-07
1001,6,65,10,62201,1,33.747236,-115.82012399999999,NAD83,Relative Humidity ,1 HOUR,,2021-02-21,Percent relative humidity,None,24,100.0,23.916667,33.0,6,,12,INSTRUMENTAL - HYGROSCOPIC PLASTIC FILM,Joshua Tree NP - Cottonwood Visitor Center,"Joshua Tree National Park, California",California,Riverside,Joshua Tree National Monument,"Riverside-San Bernardino-Ontario, CA",2021-04-07
1002,6,65,10,62201,1,33.747236,-115.82012399999999,NAD83,Relative Humidity ,1 HOUR,,2021-02-22,Percent relative humidity,None,24,100.0,20.875,28.0,23,,12,INSTRUMENTAL - HYGROSCOPIC PLASTIC FILM,Joshua Tree NP - Cottonwood Visitor Center,"Joshua Tree National Park, California",California,Riverside,Joshua Tree National Monument,"Riverside-San Bernardino-Ontario, CA",2021-04-07
1003,6,65,10,62201,1,33.747236,-115.82012399999999,NAD83,Relative Humidity ,1 HOUR,,2021-02-23,Percent relative humidity,None,24,100.0,21.916667,31.0,5,,12,INSTRUMENTAL - HYGROSCOPIC PLASTIC FILM,Joshua Tree NP - Cottonwood Visitor Center,"Joshua Tree National Park, California",California,Riverside,Joshua Tree National Monument,"Riverside-San Bernardino-Ontario, CA",2021-04-07
1004,6,65,10,62201,1,33.747236,-115.82012399999999,NAD83,Relative Humidity ,1 HOUR,,2021-02-24,Percent relative humidity,None,24,100.0,18.583333,31.0,1,,12,INSTRUMENTAL - HYGROSCOPIC PLASTIC FILM,Joshua Tree NP - Cottonwood Visitor Center,"Joshua Tree National Park, California",California,Riverside,Joshua Tree National Monument,"Riverside-San Bernardino-Ontario, CA",2021-04-07
1005,6,65,10,62201,1,33.747236,-115.82012399999999,NAD83,Relative Humidity ,1 HOUR,,2021-02-25,Percent relative humidity,None,24,100.0,15.083332999999998,22.0,6,,12,INSTRUMENTAL - HYGROSCOPIC PLASTIC FILM,Joshua Tree NP - Cottonwood Visitor Center,"Joshua Tree National Park, California",California,Riverside,Joshua Tree National Monument,"Riverside-San Bernardino-Ontario, CA",2021-04-07
1006,6,65,10,62201,1,33.747236,-115.82012399999999,NAD83,Relative Humidity ,1 HOUR,,2021-02-26,Percent relative humidity,None,24,100.0,10.541667,14.0,22,,12,INSTRUMENTAL - HYGROSCOPIC PLASTIC FILM,Joshua Tree NP - Cottonwood Visitor Center,"Joshua Tree National Park, California",California,Riverside,Joshua Tree National Monument,"Riverside-San Bernardino-Ontario, CA",2021-04-07
1007,6,65,10,62201,1,33.747236,-115.82012399999999,NAD83,Relative Humidity ,1 HOUR,,2021-02-27,Percent relative humidity,None,24,100.0,18.666667,22.0,5,,12,INSTRUMENTAL - HYGROSCOPIC PLASTIC FILM,Joshua Tree NP - Cottonwood Visitor Center,"Joshua Tree National Park, California",California,Riverside,Joshua Tree National Monument,"Riverside-San Bernardino-Ontario, CA",2021-04-07
1008,6,65,10,62201,1,33.747236,-115.82012399999999,NAD83,Relative Humidity ,1 HOUR,,2021-02-28,Percent relative humidity,None,24,100.0,16.583333,21.0,3,,12,INSTRUMENTAL - HYGROSCOPIC PLASTIC FILM,Joshua Tree NP - Cottonwood Visitor Center,"Joshua Tree National Park, California",California,Riverside,Joshua Tree National Monument,"Riverside-San Bernardino-Ontario, CA",2021-04-07
