,State Code,County Code,Site Num,Parameter Code,POC,Latitude,Longitude,Datum,Parameter Name,Sample Duration,Pollutant Standard,Date Local,Units of Measure,Event Type,Observation Count,Observation Percent,Arithmetic Mean,1st Max Value,1st Max Hour,AQI,Method Code,Method Name,Local Site Name,Address,State Name,County Name,City Name,CBSA Name,Date of Last Change
3075,6,65,500,81102,1,33.71969,-116.1897,NAD83,PM10 Total 0-10um STP,24-HR BLK AVG,PM10 24-hour 2006,2021-01-01,Micrograms/cubic meter (25 C),Included,1,100.0,17,17,23,16,, - ,29 Palms,"84245 Vista Del Norte, Indio, CA   92203",California,Riverside,Indio,"Riverside-San Bernardino-Ontario, CA",2021-04-12
3076,6,65,500,81102,1,33.71969,-116.1897,NAD83,PM10 Total 0-10um STP,24-HR BLK AVG,PM10 24-hour 2006,2021-01-02,Micrograms/cubic meter (25 C),Included,1,100.0,27,27,23,25,, - ,29 Palms,"84245 Vista Del Norte, Indio, CA   92203",California,Riverside,Indio,"Riverside-San Bernardino-Ontario, CA",2021-04-12
3077,6,65,500,81102,1,33.71969,-116.1897,NAD83,PM10 Total 0-10um STP,24-HR BLK AVG,PM10 24-hour 2006,2021-01-03,Micrograms/cubic meter (25 C),Included,1,100.0,30,30,23,28,, - ,29 Palms,"84245 Vista Del Norte, Indio, CA   92203",California,Riverside,Indio,"Riverside-San Bernardino-Ontario, CA",2021-04-12
3078,6,65,500,81102,1,33.71969,-116.1897,NAD83,PM10 Total 0-10um STP,24-HR BLK AVG,PM10 24-hour 2006,2021-01-04,Micrograms/cubic meter (25 C),Included,1,100.0,31,31,23,29,, - ,29 Palms,"84245 Vista Del Norte, Indio, CA   92203",California,Riverside,Indio,"Riverside-San Bernardino-Ontario, CA",2021-04-12
3079,6,65,500,81102,1,33.71969,-116.1897,NAD83,PM10 Total 0-10um STP,24-HR BLK AVG,PM10 24-hour 2006,2021-01-05,Micrograms/cubic meter (25 C),Included,1,100.0,41,41,23,38,, - ,29 Palms,"84245 Vista Del Norte, Indio, CA   92203",California,Riverside,Indio,"Riverside-San Bernardino-Ontario, CA",2021-04-12
3080,6,65,500,81102,1,33.71969,-116.1897,NAD83,PM10 Total 0-10um STP,24-HR BLK AVG,PM10 24-hour 2006,2021-01-06,Micrograms/cubic meter (25 C),Included,1,100.0,36,36,23,33,, - ,29 Palms,"84245 Vista Del Norte, Indio, CA   92203",California,Riverside,Indio,"Riverside-San Bernardino-Ontario, CA",2021-04-12
3081,6,65,500,81102,1,33.71969,-116.1897,NAD83,PM10 Total 0-10um STP,24-HR BLK AVG,PM10 24-hour 2006,2021-01-07,Micrograms/cubic meter (25 C),Included,1,100.0,38,38,23,35,, - ,29 Palms,"84245 Vista Del Norte, Indio, CA   92203",California,Riverside,Indio,"Riverside-San Bernardino-Ontario, CA",2021-04-12
3082,6,65,500,81102,1,33.71969,-116.1897,NAD83,PM10 Total 0-10um STP,24-HR BLK AVG,PM10 24-hour 2006,2021-01-08,Micrograms/cubic meter (25 C),Included,1,100.0,37,37,23,34,, - ,29 Palms,"84245 Vista Del Norte, Indio, CA   92203",California,Riverside,Indio,"Riverside-San Bernardino-Ontario, CA",2021-04-12
3083,6,65,500,81102,1,33.71969,-116.1897,NAD83,PM10 Total 0-10um STP,24-HR BLK AVG,PM10 24-hour 2006,2021-01-09,Micrograms/cubic meter (25 C),Included,1,100.0,29,29,23,27,, - ,29 Palms,"84245 Vista Del Norte, Indio, CA   92203",California,Riverside,Indio,"Riverside-San Bernardino-Ontario, CA",2021-04-12
3084,6,65,500,81102,1,33.71969,-116.1897,NAD83,PM10 Total 0-10um STP,24-HR BLK AVG,PM10 24-hour 2006,2021-01-10,Micrograms/cubic meter (25 C),Included,1,100.0,17,17,23,16,, - ,29 Palms,"84245 Vista Del Norte, Indio, CA   92203",California,Riverside,Indio,"Riverside-San Bernardino-Ontario, CA",2021-04-12
3085,6,65,500,81102,1,33.71969,-116.1897,NAD83,PM10 Total 0-10um STP,24-HR BLK AVG,PM10 24-hour 2006,2021-01-11,Micrograms/cubic meter (25 C),Included,1,100.0,25,25,23,23,, - ,29 Palms,"84245 Vista Del Norte, Indio, CA   92203",California,Riverside,Indio,"Riverside-San Bernardino-Ontario, CA",2021-04-12
3086,6,65,500,81102,1,33.71969,-116.1897,NAD83,PM10 Total 0-10um STP,24-HR BLK AVG,PM10 24-hour 2006,2021-01-12,Micrograms/cubic meter (25 C),Included,1,100.0,29,29,23,27,, - ,29 Palms,"84245 Vista Del Norte, Indio, CA   92203",California,Riverside,Indio,"Riverside-San Bernardino-Ontario, CA",2021-04-12
3087,6,65,500,81102,1,33.71969,-116.1897,NAD83,PM10 Total 0-10um STP,24-HR BLK AVG,PM10 24-hour 2006,2021-01-13,Micrograms/cubic meter (25 C),Included,1,100.0,35,35,23,32,, - ,29 Palms,"84245 Vista Del Norte, Indio, CA   92203",California,Riverside,Indio,"Riverside-San Bernardino-Ontario, CA",2021-04-12
3088,6,65,500,81102,1,33.71969,-116.1897,NAD83,PM10 Total 0-10um STP,24-HR BLK AVG,PM10 24-hour 2006,2021-01-14,Micrograms/cubic meter (25 C),Included,1,100.0,31,31,23,29,, - ,29 Palms,"84245 Vista Del Norte, Indio, CA   92203",California,Riverside,Indio,"Riverside-San Bernardino-Ontario, CA",2021-04-12
3089,6,65,500,81102,1,33.71969,-116.1897,NAD83,PM10 Total 0-10um STP,24-HR BLK AVG,PM10 24-hour 2006,2021-01-15,Micrograms/cubic meter (25 C),Included,1,100.0,28,28,23,26,, - ,29 Palms,"84245 Vista Del Norte, Indio, CA   92203",California,Riverside,Indio,"Riverside-San Bernardino-Ontario, CA",2021-04-12
3090,6,65,500,81102,1,33.71969,-116.1897,NAD83,PM10 Total 0-10um STP,24-HR BLK AVG,PM10 24-hour 2006,2021-01-16,Micrograms/cubic meter (25 C),Included,1,100.0,23,23,23,21,, - ,29 Palms,"84245 Vista Del Norte, Indio, CA   92203",California,Riverside,Indio,"Riverside-San Bernardino-Ontario, CA",2021-04-12
3091,6,65,500,81102,1,33.71969,-116.1897,NAD83,PM10 Total 0-10um STP,24-HR BLK AVG,PM10 24-hour 2006,2021-01-17,Micrograms/cubic meter (25 C),Included,1,100.0,23,23,23,21,, - ,29 Palms,"84245 Vista Del Norte, Indio, CA   92203",California,Riverside,Indio,"Riverside-San Bernardino-Ontario, CA",2021-04-12
3092,6,65,500,81102,1,33.71969,-116.1897,NAD83,PM10 Total 0-10um STP,24-HR BLK AVG,PM10 24-hour 2006,2021-01-18,Micrograms/cubic meter (25 C),Included,1,100.0,34,34,23,31,, - ,29 Palms,"84245 Vista Del Norte, Indio, CA   92203",California,Riverside,Indio,"Riverside-San Bernardino-Ontario, CA",2021-04-12
3093,6,65,500,81102,1,33.71969,-116.1897,NAD83,PM10 Total 0-10um STP,24-HR BLK AVG,PM10 24-hour 2006,2021-01-19,Micrograms/cubic meter (25 C),Included,1,100.0,34,34,23,31,, - ,29 Palms,"84245 Vista Del Norte, Indio, CA   92203",California,Riverside,Indio,"Riverside-San Bernardino-Ontario, CA",2021-04-12
3094,6,65,500,81102,1,33.71969,-116.1897,NAD83,PM10 Total 0-10um STP,24-HR BLK AVG,PM10 24-hour 2006,2021-01-20,Micrograms/cubic meter (25 C),Included,1,100.0,18,18,23,17,, - ,29 Palms,"84245 Vista Del Norte, Indio, CA   92203",California,Riverside,Indio,"Riverside-San Bernardino-Ontario, CA",2021-04-12
3095,6,65,500,81102,1,33.71969,-116.1897,NAD83,PM10 Total 0-10um STP,24-HR BLK AVG,PM10 24-hour 2006,2021-01-21,Micrograms/cubic meter (25 C),Included,1,100.0,25,25,23,23,, - ,29 Palms,"84245 Vista Del Norte, Indio, CA   92203",California,Riverside,Indio,"Riverside-San Bernardino-Ontario, CA",2021-04-12
3096,6,65,500,81102,1,33.71969,-116.1897,NAD83,PM10 Total 0-10um STP,24-HR BLK AVG,PM10 24-hour 2006,2021-01-22,Micrograms/cubic meter (25 C),Included,1,100.0,57,57,23,52,, - ,29 Palms,"84245 Vista Del Norte, Indio, CA   92203",California,Riverside,Indio,"Riverside-San Bernardino-Ontario, CA",2021-04-12
3097,6,65,500,81102,1,33.71969,-116.1897,NAD83,PM10 Total 0-10um STP,24-HR BLK AVG,PM10 24-hour 2006,2021-01-23,Micrograms/cubic meter (25 C),Included,1,100.0,9,9,23,8,, - ,29 Palms,"84245 Vista Del Norte, Indio, CA   92203",California,Riverside,Indio,"Riverside-San Bernardino-Ontario, CA",2021-04-12
3098,6,65,500,81102,1,33.71969,-116.1897,NAD83,PM10 Total 0-10um STP,24-HR BLK AVG,PM10 24-hour 2006,2021-01-24,Micrograms/cubic meter (25 C),Included,1,100.0,6,6,23,6,, - ,29 Palms,"84245 Vista Del Norte, Indio, CA   92203",California,Riverside,Indio,"Riverside-San Bernardino-Ontario, CA",2021-04-12
3099,6,65,500,81102,1,33.71969,-116.1897,NAD83,PM10 Total 0-10um STP,24-HR BLK AVG,PM10 24-hour 2006,2021-01-25,Micrograms/cubic meter (25 C),Included,1,100.0,7,7,23,6,, - ,29 Palms,"84245 Vista Del Norte, Indio, CA   92203",California,Riverside,Indio,"Riverside-San Bernardino-Ontario, CA",2021-04-12
3100,6,65,500,81102,1,33.71969,-116.1897,NAD83,PM10 Total 0-10um STP,24-HR BLK AVG,PM10 24-hour 2006,2021-01-26,Micrograms/cubic meter (25 C),Included,1,100.0,12,12,23,11,, - ,29 Palms,"84245 Vista Del Norte, Indio, CA   92203",California,Riverside,Indio,"Riverside-San Bernardino-Ontario, CA",2021-04-12
3101,6,65,500,81102,1,33.71969,-116.1897,NAD83,PM10 Total 0-10um STP,24-HR BLK AVG,PM10 24-hour 2006,2021-01-27,Micrograms/cubic meter (25 C),Included,1,100.0,13,13,23,12,, - ,29 Palms,"84245 Vista Del Norte, Indio, CA   92203",California,Riverside,Indio,"Riverside-San Bernardino-Ontario, CA",2021-04-12
3102,6,65,500,81102,1,33.71969,-116.1897,NAD83,PM10 Total 0-10um STP,24-HR BLK AVG,PM10 24-hour 2006,2021-01-28,Micrograms/cubic meter (25 C),Included,1,100.0,16,16,23,15,, - ,29 Palms,"84245 Vista Del Norte, Indio, CA   92203",California,Riverside,Indio,"Riverside-San Bernardino-Ontario, CA",2021-04-12
3103,6,65,500,81102,1,33.71969,-116.1897,NAD83,PM10 Total 0-10um STP,24-HR BLK AVG,PM10 24-hour 2006,2021-01-29,Micrograms/cubic meter (25 C),Included,1,100.0,8,8,23,7,, - ,29 Palms,"84245 Vista Del Norte, Indio, CA   92203",California,Riverside,Indio,"Riverside-San Bernardino-Ontario, CA",2021-04-12
3104,6,65,500,81102,1,33.71969,-116.1897,NAD83,PM10 Total 0-10um STP,24-HR BLK AVG,PM10 24-hour 2006,2021-01-30,Micrograms/cubic meter (25 C),Included,1,100.0,9,9,23,8,, - ,29 Palms,"84245 Vista Del Norte, Indio, CA   92203",California,Riverside,Indio,"Riverside-San Bernardino-Ontario, CA",2021-04-12
3105,6,65,500,81102,1,33.71969,-116.1897,NAD83,PM10 Total 0-10um STP,24-HR BLK AVG,PM10 24-hour 2006,2021-01-31,Micrograms/cubic meter (25 C),Included,1,100.0,13,13,23,12,, - ,29 Palms,"84245 Vista Del Norte, Indio, CA   92203",California,Riverside,Indio,"Riverside-San Bernardino-Ontario, CA",2021-04-12
3106,6,65,500,81102,1,33.71969,-116.1897,NAD83,PM10 Total 0-10um STP,24-HR BLK AVG,PM10 24-hour 2006,2021-02-01,Micrograms/cubic meter (25 C),Included,1,100.0,28,28,23,26,, - ,29 Palms,"84245 Vista Del Norte, Indio, CA   92203",California,Riverside,Indio,"Riverside-San Bernardino-Ontario, CA",2021-04-12
3107,6,65,500,81102,1,33.71969,-116.1897,NAD83,PM10 Total 0-10um STP,24-HR BLK AVG,PM10 24-hour 2006,2021-02-02,Micrograms/cubic meter (25 C),Included,1,100.0,22,22,23,20,, - ,29 Palms,"84245 Vista Del Norte, Indio, CA   92203",California,Riverside,Indio,"Riverside-San Bernardino-Ontario, CA",2021-04-12
3108,6,65,500,81102,1,33.71969,-116.1897,NAD83,PM10 Total 0-10um STP,24-HR BLK AVG,PM10 24-hour 2006,2021-02-03,Micrograms/cubic meter (25 C),Included,1,100.0,33,33,23,31,, - ,29 Palms,"84245 Vista Del Norte, Indio, CA   92203",California,Riverside,Indio,"Riverside-San Bernardino-Ontario, CA",2021-04-12
3109,6,65,500,81102,1,33.71969,-116.1897,NAD83,PM10 Total 0-10um STP,24-HR BLK AVG,PM10 24-hour 2006,2021-02-04,Micrograms/cubic meter (25 C),Included,1,100.0,18,18,23,17,, - ,29 Palms,"84245 Vista Del Norte, Indio, CA   92203",California,Riverside,Indio,"Riverside-San Bernardino-Ontario, CA",2021-04-12
3110,6,65,500,81102,1,33.71969,-116.1897,NAD83,PM10 Total 0-10um STP,24-HR BLK AVG,PM10 24-hour 2006,2021-02-05,Micrograms/cubic meter (25 C),Included,1,100.0,25,25,23,23,, - ,29 Palms,"84245 Vista Del Norte, Indio, CA   92203",California,Riverside,Indio,"Riverside-San Bernardino-Ontario, CA",2021-04-12
3111,6,65,500,81102,1,33.71969,-116.1897,NAD83,PM10 Total 0-10um STP,24-HR BLK AVG,PM10 24-hour 2006,2021-02-06,Micrograms/cubic meter (25 C),Included,1,100.0,29,29,23,27,, - ,29 Palms,"84245 Vista Del Norte, Indio, CA   92203",California,Riverside,Indio,"Riverside-San Bernardino-Ontario, CA",2021-04-12
3112,6,65,500,81102,1,33.71969,-116.1897,NAD83,PM10 Total 0-10um STP,24-HR BLK AVG,PM10 24-hour 2006,2021-02-07,Micrograms/cubic meter (25 C),Included,1,100.0,28,28,23,26,, - ,29 Palms,"84245 Vista Del Norte, Indio, CA   92203",California,Riverside,Indio,"Riverside-San Bernardino-Ontario, CA",2021-04-12
3113,6,65,500,81102,1,33.71969,-116.1897,NAD83,PM10 Total 0-10um STP,24-HR BLK AVG,PM10 24-hour 2006,2021-02-08,Micrograms/cubic meter (25 C),Included,1,100.0,37,37,23,34,, - ,29 Palms,"84245 Vista Del Norte, Indio, CA   92203",California,Riverside,Indio,"Riverside-San Bernardino-Ontario, CA",2021-04-12
3114,6,65,500,81102,1,33.71969,-116.1897,NAD83,PM10 Total 0-10um STP,24-HR BLK AVG,PM10 24-hour 2006,2021-02-09,Micrograms/cubic meter (25 C),Included,1,100.0,40,40,23,37,, - ,29 Palms,"84245 Vista Del Norte, Indio, CA   92203",California,Riverside,Indio,"Riverside-San Bernardino-Ontario, CA",2021-04-12
3115,6,65,500,81102,1,33.71969,-116.1897,NAD83,PM10 Total 0-10um STP,24-HR BLK AVG,PM10 24-hour 2006,2021-02-10,Micrograms/cubic meter (25 C),Included,1,100.0,42,42,23,39,, - ,29 Palms,"84245 Vista Del Norte, Indio, CA   92203",California,Riverside,Indio,"Riverside-San Bernardino-Ontario, CA",2021-04-12
3116,6,65,500,81102,1,33.71969,-116.1897,NAD83,PM10 Total 0-10um STP,24-HR BLK AVG,PM10 24-hour 2006,2021-02-11,Micrograms/cubic meter (25 C),Included,1,100.0,38,38,23,35,, - ,29 Palms,"84245 Vista Del Norte, Indio, CA   92203",California,Riverside,Indio,"Riverside-San Bernardino-Ontario, CA",2021-04-12
3117,6,65,500,81102,1,33.71969,-116.1897,NAD83,PM10 Total 0-10um STP,24-HR BLK AVG,PM10 24-hour 2006,2021-02-12,Micrograms/cubic meter (25 C),Included,1,100.0,47,47,23,44,, - ,29 Palms,"84245 Vista Del Norte, Indio, CA   92203",California,Riverside,Indio,"Riverside-San Bernardino-Ontario, CA",2021-04-12
3118,6,65,500,81102,1,33.71969,-116.1897,NAD83,PM10 Total 0-10um STP,24-HR BLK AVG,PM10 24-hour 2006,2021-02-13,Micrograms/cubic meter (25 C),Included,1,100.0,89,89,23,68,, - ,29 Palms,"84245 Vista Del Norte, Indio, CA   92203",California,Riverside,Indio,"Riverside-San Bernardino-Ontario, CA",2021-04-12
3119,6,65,500,81102,1,33.71969,-116.1897,NAD83,PM10 Total 0-10um STP,24-HR BLK AVG,PM10 24-hour 2006,2021-02-14,Micrograms/cubic meter (25 C),Included,1,100.0,14,14,23,13,, - ,29 Palms,"84245 Vista Del Norte, Indio, CA   92203",California,Riverside,Indio,"Riverside-San Bernardino-Ontario, CA",2021-04-12
3120,6,65,500,81102,1,33.71969,-116.1897,NAD83,PM10 Total 0-10um STP,24-HR BLK AVG,PM10 24-hour 2006,2021-02-15,Micrograms/cubic meter (25 C),Included,1,100.0,26,26,23,24,, - ,29 Palms,"84245 Vista Del Norte, Indio, CA   92203",California,Riverside,Indio,"Riverside-San Bernardino-Ontario, CA",2021-04-12
3121,6,65,500,81102,1,33.71969,-116.1897,NAD83,PM10 Total 0-10um STP,24-HR BLK AVG,PM10 24-hour 2006,2021-02-16,Micrograms/cubic meter (25 C),Included,1,100.0,37,37,23,34,, - ,29 Palms,"84245 Vista Del Norte, Indio, CA   92203",California,Riverside,Indio,"Riverside-San Bernardino-Ontario, CA",2021-04-12
3122,6,65,500,81102,1,33.71969,-116.1897,NAD83,PM10 Total 0-10um STP,24-HR BLK AVG,PM10 24-hour 2006,2021-02-17,Micrograms/cubic meter (25 C),Included,1,100.0,24,24,23,22,, - ,29 Palms,"84245 Vista Del Norte, Indio, CA   92203",California,Riverside,Indio,"Riverside-San Bernardino-Ontario, CA",2021-04-12
3123,6,65,500,81102,1,33.71969,-116.1897,NAD83,PM10 Total 0-10um STP,24-HR BLK AVG,PM10 24-hour 2006,2021-02-18,Micrograms/cubic meter (25 C),Included,1,100.0,16,16,23,15,, - ,29 Palms,"84245 Vista Del Norte, Indio, CA   92203",California,Riverside,Indio,"Riverside-San Bernardino-Ontario, CA",2021-04-12
3124,6,65,500,81102,1,33.71969,-116.1897,NAD83,PM10 Total 0-10um STP,24-HR BLK AVG,PM10 24-hour 2006,2021-02-19,Micrograms/cubic meter (25 C),Included,1,100.0,29,29,23,27,, - ,29 Palms,"84245 Vista Del Norte, Indio, CA   92203",California,Riverside,Indio,"Riverside-San Bernardino-Ontario, CA",2021-04-12
3125,6,65,500,81102,1,33.71969,-116.1897,NAD83,PM10 Total 0-10um STP,24-HR BLK AVG,PM10 24-hour 2006,2021-02-20,Micrograms/cubic meter (25 C),Included,1,100.0,44,44,23,41,, - ,29 Palms,"84245 Vista Del Norte, Indio, CA   92203",California,Riverside,Indio,"Riverside-San Bernardino-Ontario, CA",2021-04-12
3126,6,65,500,81102,1,33.71969,-116.1897,NAD83,PM10 Total 0-10um STP,24-HR BLK AVG,PM10 24-hour 2006,2021-02-21,Micrograms/cubic meter (25 C),Included,1,100.0,21,21,23,19,, - ,29 Palms,"84245 Vista Del Norte, Indio, CA   92203",California,Riverside,Indio,"Riverside-San Bernardino-Ontario, CA",2021-04-12
3127,6,65,500,81102,1,33.71969,-116.1897,NAD83,PM10 Total 0-10um STP,24-HR BLK AVG,PM10 24-hour 2006,2021-02-22,Micrograms/cubic meter (25 C),Included,1,100.0,16,16,23,15,, - ,29 Palms,"84245 Vista Del Norte, Indio, CA   92203",California,Riverside,Indio,"Riverside-San Bernardino-Ontario, CA",2021-04-12
3128,6,65,500,81102,1,33.71969,-116.1897,NAD83,PM10 Total 0-10um STP,24-HR BLK AVG,PM10 24-hour 2006,2021-02-23,Micrograms/cubic meter (25 C),Included,1,100.0,26,26,23,24,, - ,29 Palms,"84245 Vista Del Norte, Indio, CA   92203",California,Riverside,Indio,"Riverside-San Bernardino-Ontario, CA",2021-04-12
3129,6,65,500,81102,1,33.71969,-116.1897,NAD83,PM10 Total 0-10um STP,24-HR BLK AVG,PM10 24-hour 2006,2021-02-24,Micrograms/cubic meter (25 C),Included,1,100.0,59,59,23,53,, - ,29 Palms,"84245 Vista Del Norte, Indio, CA   92203",California,Riverside,Indio,"Riverside-San Bernardino-Ontario, CA",2021-04-12
3130,6,65,500,81102,1,33.71969,-116.1897,NAD83,PM10 Total 0-10um STP,24-HR BLK AVG,PM10 24-hour 2006,2021-02-25,Micrograms/cubic meter (25 C),Included,1,100.0,103,103,23,75,, - ,29 Palms,"84245 Vista Del Norte, Indio, CA   92203",California,Riverside,Indio,"Riverside-San Bernardino-Ontario, CA",2021-04-12
3131,6,65,500,81102,1,33.71969,-116.1897,NAD83,PM10 Total 0-10um STP,24-HR BLK AVG,PM10 24-hour 2006,2021-02-26,Micrograms/cubic meter (25 C),Included,1,100.0,36,36,23,33,, - ,29 Palms,"84245 Vista Del Norte, Indio, CA   92203",California,Riverside,Indio,"Riverside-San Bernardino-Ontario, CA",2021-04-12
3132,6,65,500,81102,1,33.71969,-116.1897,NAD83,PM10 Total 0-10um STP,24-HR BLK AVG,PM10 24-hour 2006,2021-02-27,Micrograms/cubic meter (25 C),Included,1,100.0,57,57,23,52,, - ,29 Palms,"84245 Vista Del Norte, Indio, CA   92203",California,Riverside,Indio,"Riverside-San Bernardino-Ontario, CA",2021-04-12
3133,6,65,500,81102,1,33.71969,-116.1897,NAD83,PM10 Total 0-10um STP,24-HR BLK AVG,PM10 24-hour 2006,2021-02-28,Micrograms/cubic meter (25 C),Included,1,100.0,23,23,23,21,, - ,29 Palms,"84245 Vista Del Norte, Indio, CA   92203",California,Riverside,Indio,"Riverside-San Bernardino-Ontario, CA",2021-04-12
3134,6,65,500,81102,1,33.71969,-116.1897,NAD83,PM10 Total 0-10um STP,24-HR BLK AVG,PM10 24-hour 2006,2021-03-01,Micrograms/cubic meter (25 C),Included,1,100.0,22,22,23,20,, - ,29 Palms,"84245 Vista Del Norte, Indio, CA   92203",California,Riverside,Indio,"Riverside-San Bernardino-Ontario, CA",2021-04-12
3135,6,65,500,81102,1,33.71969,-116.1897,NAD83,PM10 Total 0-10um STP,24-HR BLK AVG,PM10 24-hour 2006,2021-03-02,Micrograms/cubic meter (25 C),Included,1,100.0,31,31,23,29,, - ,29 Palms,"84245 Vista Del Norte, Indio, CA   92203",California,Riverside,Indio,"Riverside-San Bernardino-Ontario, CA",2021-04-12
3136,6,65,500,81102,1,33.71969,-116.1897,NAD83,PM10 Total 0-10um STP,24-HR BLK AVG,PM10 24-hour 2006,2021-03-03,Micrograms/cubic meter (25 C),Included,1,100.0,27,27,23,25,, - ,29 Palms,"84245 Vista Del Norte, Indio, CA   92203",California,Riverside,Indio,"Riverside-San Bernardino-Ontario, CA",2021-04-12
3137,6,65,500,81102,1,33.71969,-116.1897,NAD83,PM10 Total 0-10um STP,24-HR BLK AVG,PM10 24-hour 2006,2021-03-04,Micrograms/cubic meter (25 C),Included,1,100.0,18,18,23,17,, - ,29 Palms,"84245 Vista Del Norte, Indio, CA   92203",California,Riverside,Indio,"Riverside-San Bernardino-Ontario, CA",2021-04-12
3138,6,65,500,81102,1,33.71969,-116.1897,NAD83,PM10 Total 0-10um STP,24-HR BLK AVG,PM10 24-hour 2006,2021-03-05,Micrograms/cubic meter (25 C),Included,1,100.0,28,28,23,26,, - ,29 Palms,"84245 Vista Del Norte, Indio, CA   92203",California,Riverside,Indio,"Riverside-San Bernardino-Ontario, CA",2021-04-12
3139,6,65,500,81102,1,33.71969,-116.1897,NAD83,PM10 Total 0-10um STP,24-HR BLK AVG,PM10 24-hour 2006,2021-03-06,Micrograms/cubic meter (25 C),Included,1,100.0,39,39,23,36,, - ,29 Palms,"84245 Vista Del Norte, Indio, CA   92203",California,Riverside,Indio,"Riverside-San Bernardino-Ontario, CA",2021-04-12
3140,6,65,500,81102,1,33.71969,-116.1897,NAD83,PM10 Total 0-10um STP,24-HR BLK AVG,PM10 24-hour 2006,2021-03-07,Micrograms/cubic meter (25 C),Included,1,100.0,29,29,23,27,, - ,29 Palms,"84245 Vista Del Norte, Indio, CA   92203",California,Riverside,Indio,"Riverside-San Bernardino-Ontario, CA",2021-04-12
3141,6,65,500,81102,1,33.71969,-116.1897,NAD83,PM10 Total 0-10um STP,24-HR BLK AVG,PM10 24-hour 2006,2021-03-08,Micrograms/cubic meter (25 C),Included,1,100.0,83,83,23,65,, - ,29 Palms,"84245 Vista Del Norte, Indio, CA   92203",California,Riverside,Indio,"Riverside-San Bernardino-Ontario, CA",2021-04-12
3142,6,65,500,81102,1,33.71969,-116.1897,NAD83,PM10 Total 0-10um STP,24-HR BLK AVG,PM10 24-hour 2006,2021-03-09,Micrograms/cubic meter (25 C),Included,1,100.0,38,38,23,35,, - ,29 Palms,"84245 Vista Del Norte, Indio, CA   92203",California,Riverside,Indio,"Riverside-San Bernardino-Ontario, CA",2021-04-12
3143,6,65,500,81102,1,33.71969,-116.1897,NAD83,PM10 Total 0-10um STP,24-HR BLK AVG,PM10 24-hour 2006,2021-03-10,Micrograms/cubic meter (25 C),Included,1,100.0,36,36,23,33,, - ,29 Palms,"84245 Vista Del Norte, Indio, CA   92203",California,Riverside,Indio,"Riverside-San Bernardino-Ontario, CA",2021-04-12
3144,6,65,500,81102,1,33.71969,-116.1897,NAD83,PM10 Total 0-10um STP,24-HR BLK AVG,PM10 24-hour 2006,2021-03-11,Micrograms/cubic meter (25 C),Included,1,100.0,8,8,23,7,, - ,29 Palms,"84245 Vista Del Norte, Indio, CA   92203",California,Riverside,Indio,"Riverside-San Bernardino-Ontario, CA",2021-04-12
3145,6,65,500,81102,1,33.71969,-116.1897,NAD83,PM10 Total 0-10um STP,24-HR BLK AVG,PM10 24-hour 2006,2021-03-12,Micrograms/cubic meter (25 C),Included,1,100.0,12,12,23,11,, - ,29 Palms,"84245 Vista Del Norte, Indio, CA   92203",California,Riverside,Indio,"Riverside-San Bernardino-Ontario, CA",2021-04-12
3146,6,65,500,81102,1,33.71969,-116.1897,NAD83,PM10 Total 0-10um STP,24-HR BLK AVG,PM10 24-hour 2006,2021-03-13,Micrograms/cubic meter (25 C),Included,1,100.0,22,22,23,20,, - ,29 Palms,"84245 Vista Del Norte, Indio, CA   92203",California,Riverside,Indio,"Riverside-San Bernardino-Ontario, CA",2021-04-12
3147,6,65,500,81102,1,33.71969,-116.1897,NAD83,PM10 Total 0-10um STP,24-HR BLK AVG,PM10 24-hour 2006,2021-03-14,Micrograms/cubic meter (25 C),Included,1,100.0,32,32,23,30,, - ,29 Palms,"84245 Vista Del Norte, Indio, CA   92203",California,Riverside,Indio,"Riverside-San Bernardino-Ontario, CA",2021-04-12
3148,6,65,500,81102,1,33.71969,-116.1897,NAD83,PM10 Total 0-10um STP,24-HR BLK AVG,PM10 24-hour 2006,2021-03-15,Micrograms/cubic meter (25 C),Included,1,100.0,137,137,23,92,, - ,29 Palms,"84245 Vista Del Norte, Indio, CA   92203",California,Riverside,Indio,"Riverside-San Bernardino-Ontario, CA",2021-04-12
3149,6,65,500,81102,1,33.71969,-116.1897,NAD83,PM10 Total 0-10um STP,24-HR BLK AVG,PM10 24-hour 2006,2021-03-16,Micrograms/cubic meter (25 C),Included,1,100.0,20,20,23,19,, - ,29 Palms,"84245 Vista Del Norte, Indio, CA   92203",California,Riverside,Indio,"Riverside-San Bernardino-Ontario, CA",2021-04-12
3150,6,65,500,81102,1,33.71969,-116.1897,NAD83,PM10 Total 0-10um STP,24-HR BLK AVG,PM10 24-hour 2006,2021-03-17,Micrograms/cubic meter (25 C),Included,1,100.0,25,25,23,23,, - ,29 Palms,"84245 Vista Del Norte, Indio, CA   92203",California,Riverside,Indio,"Riverside-San Bernardino-Ontario, CA",2021-04-12
3151,6,65,500,81102,1,33.71969,-116.1897,NAD83,PM10 Total 0-10um STP,24-HR BLK AVG,PM10 24-hour 2006,2021-03-18,Micrograms/cubic meter (25 C),Included,1,100.0,28,28,23,26,, - ,29 Palms,"84245 Vista Del Norte, Indio, CA   92203",California,Riverside,Indio,"Riverside-San Bernardino-Ontario, CA",2021-04-12
3152,6,65,500,81102,1,33.71969,-116.1897,NAD83,PM10 Total 0-10um STP,24-HR BLK AVG,PM10 24-hour 2006,2021-03-19,Micrograms/cubic meter (25 C),Included,1,100.0,27,27,23,25,, - ,29 Palms,"84245 Vista Del Norte, Indio, CA   92203",California,Riverside,Indio,"Riverside-San Bernardino-Ontario, CA",2021-04-12
3153,6,65,500,81102,1,33.71969,-116.1897,NAD83,PM10 Total 0-10um STP,24-HR BLK AVG,PM10 24-hour 2006,2021-03-20,Micrograms/cubic meter (25 C),Included,1,100.0,32,32,23,30,, - ,29 Palms,"84245 Vista Del Norte, Indio, CA   92203",California,Riverside,Indio,"Riverside-San Bernardino-Ontario, CA",2021-04-12
3154,6,65,500,81102,1,33.71969,-116.1897,NAD83,PM10 Total 0-10um STP,24-HR BLK AVG,PM10 24-hour 2006,2021-03-21,Micrograms/cubic meter (25 C),Included,1,100.0,42,42,23,39,, - ,29 Palms,"84245 Vista Del Norte, Indio, CA   92203",California,Riverside,Indio,"Riverside-San Bernardino-Ontario, CA",2021-04-12
3155,6,65,500,81102,1,33.71969,-116.1897,NAD83,PM10 Total 0-10um STP,24-HR BLK AVG,PM10 24-hour 2006,2021-03-22,Micrograms/cubic meter (25 C),Included,1,100.0,26,26,23,24,, - ,29 Palms,"84245 Vista Del Norte, Indio, CA   92203",California,Riverside,Indio,"Riverside-San Bernardino-Ontario, CA",2021-04-12
3156,6,65,500,81102,1,33.71969,-116.1897,NAD83,PM10 Total 0-10um STP,24-HR BLK AVG,PM10 24-hour 2006,2021-03-23,Micrograms/cubic meter (25 C),Included,1,100.0,103,103,23,75,, - ,29 Palms,"84245 Vista Del Norte, Indio, CA   92203",California,Riverside,Indio,"Riverside-San Bernardino-Ontario, CA",2021-04-12
3157,6,65,500,81102,1,33.71969,-116.1897,NAD83,PM10 Total 0-10um STP,24-HR BLK AVG,PM10 24-hour 2006,2021-03-24,Micrograms/cubic meter (25 C),Included,1,100.0,46,46,23,43,, - ,29 Palms,"84245 Vista Del Norte, Indio, CA   92203",California,Riverside,Indio,"Riverside-San Bernardino-Ontario, CA",2021-04-12
3158,6,65,500,81102,1,33.71969,-116.1897,NAD83,PM10 Total 0-10um STP,24-HR BLK AVG,PM10 24-hour 2006,2021-03-25,Micrograms/cubic meter (25 C),Included,1,100.0,22,22,23,20,, - ,29 Palms,"84245 Vista Del Norte, Indio, CA   92203",California,Riverside,Indio,"Riverside-San Bernardino-Ontario, CA",2021-04-12
3159,6,65,500,81102,1,33.71969,-116.1897,NAD83,PM10 Total 0-10um STP,24-HR BLK AVG,PM10 24-hour 2006,2021-03-26,Micrograms/cubic meter (25 C),Included,1,100.0,15,15,23,14,, - ,29 Palms,"84245 Vista Del Norte, Indio, CA   92203",California,Riverside,Indio,"Riverside-San Bernardino-Ontario, CA",2021-04-12
3160,6,65,500,81102,1,33.71969,-116.1897,NAD83,PM10 Total 0-10um STP,24-HR BLK AVG,PM10 24-hour 2006,2021-03-27,Micrograms/cubic meter (25 C),Included,1,100.0,23,23,23,21,, - ,29 Palms,"84245 Vista Del Norte, Indio, CA   92203",California,Riverside,Indio,"Riverside-San Bernardino-Ontario, CA",2021-04-12
3161,6,65,500,81102,1,33.71969,-116.1897,NAD83,PM10 Total 0-10um STP,24-HR BLK AVG,PM10 24-hour 2006,2021-03-28,Micrograms/cubic meter (25 C),Included,1,100.0,20,20,23,19,, - ,29 Palms,"84245 Vista Del Norte, Indio, CA   92203",California,Riverside,Indio,"Riverside-San Bernardino-Ontario, CA",2021-04-12
3162,6,65,500,81102,1,33.71969,-116.1897,NAD83,PM10 Total 0-10um STP,24-HR BLK AVG,PM10 24-hour 2006,2021-03-29,Micrograms/cubic meter (25 C),Included,1,100.0,34,34,23,31,, - ,29 Palms,"84245 Vista Del Norte, Indio, CA   92203",California,Riverside,Indio,"Riverside-San Bernardino-Ontario, CA",2021-04-12
3163,6,65,500,81102,1,33.71969,-116.1897,NAD83,PM10 Total 0-10um STP,24-HR BLK AVG,PM10 24-hour 2006,2021-03-30,Micrograms/cubic meter (25 C),Included,1,100.0,47,47,23,44,, - ,29 Palms,"84245 Vista Del Norte, Indio, CA   92203",California,Riverside,Indio,"Riverside-San Bernardino-Ontario, CA",2021-04-12
3164,6,65,500,81102,1,33.71969,-116.1897,NAD83,PM10 Total 0-10um STP,24-HR BLK AVG,PM10 24-hour 2006,2021-03-31,Micrograms/cubic meter (25 C),Included,1,100.0,35,35,23,32,, - ,29 Palms,"84245 Vista Del Norte, Indio, CA   92203",California,Riverside,Indio,"Riverside-San Bernardino-Ontario, CA",2021-04-12
3165,6,65,1999,81102,1,33.56125,-116.153383,WGS84,PM10 Total 0-10um STP,24-HR BLK AVG,PM10 24-hour 2006,2021-01-01,Micrograms/cubic meter (25 C),Included,1,100.0,20,20,23,19,, - ,Torres Martinez Administration Site,66725  MARTINEZ ROAD,California,Riverside,Torres-Martinez I.R.,"Riverside-San Bernardino-Ontario, CA",2021-04-07
3166,6,65,1999,81102,1,33.56125,-116.153383,WGS84,PM10 Total 0-10um STP,24-HR BLK AVG,PM10 24-hour 2006,2021-01-02,Micrograms/cubic meter (25 C),Included,1,100.0,33,33,23,31,, - ,Torres Martinez Administration Site,66725  MARTINEZ ROAD,California,Riverside,Torres-Martinez I.R.,"Riverside-San Bernardino-Ontario, CA",2021-04-07
3167,6,65,1999,81102,1,33.56125,-116.153383,WGS84,PM10 Total 0-10um STP,24-HR BLK AVG,PM10 24-hour 2006,2021-01-06,Micrograms/cubic meter (25 C),Included,1,100.0,32,32,23,30,, - ,Torres Martinez Administration Site,66725  MARTINEZ ROAD,California,Riverside,Torres-Martinez I.R.,"Riverside-San Bernardino-Ontario, CA",2021-04-07
3168,6,65,1999,81102,1,33.56125,-116.153383,WGS84,PM10 Total 0-10um STP,24-HR BLK AVG,PM10 24-hour 2006,2021-01-07,Micrograms/cubic meter (25 C),Included,1,100.0,41,41,23,38,, - ,Torres Martinez Administration Site,66725  MARTINEZ ROAD,California,Riverside,Torres-Martinez I.R.,"Riverside-San Bernardino-Ontario, CA",2021-04-07
3169,6,65,1999,81102,1,33.56125,-116.153383,WGS84,PM10 Total 0-10um STP,24-HR BLK AVG,PM10 24-hour 2006,2021-01-08,Micrograms/cubic meter (25 C),Included,1,100.0,35,35,23,32,, - ,Torres Martinez Administration Site,66725  MARTINEZ ROAD,California,Riverside,Torres-Martinez I.R.,"Riverside-San Bernardino-Ontario, CA",2021-04-07
3170,6,65,1999,81102,1,33.56125,-116.153383,WGS84,PM10 Total 0-10um STP,24-HR BLK AVG,PM10 24-hour 2006,2021-01-09,Micrograms/cubic meter (25 C),Included,1,100.0,35,35,23,32,, - ,Torres Martinez Administration Site,66725  MARTINEZ ROAD,California,Riverside,Torres-Martinez I.R.,"Riverside-San Bernardino-Ontario, CA",2021-04-07
3171,6,65,1999,81102,1,33.56125,-116.153383,WGS84,PM10 Total 0-10um STP,24-HR BLK AVG,PM10 24-hour 2006,2021-01-10,Micrograms/cubic meter (25 C),Included,1,100.0,28,28,23,26,, - ,Torres Martinez Administration Site,66725  MARTINEZ ROAD,California,Riverside,Torres-Martinez I.R.,"Riverside-San Bernardino-Ontario, CA",2021-04-07
3172,6,65,1999,81102,1,33.56125,-116.153383,WGS84,PM10 Total 0-10um STP,24-HR BLK AVG,PM10 24-hour 2006,2021-01-11,Micrograms/cubic meter (25 C),Included,1,100.0,23,23,23,21,, - ,Torres Martinez Administration Site,66725  MARTINEZ ROAD,California,Riverside,Torres-Martinez I.R.,"Riverside-San Bernardino-Ontario, CA",2021-04-07
3173,6,65,1999,81102,1,33.56125,-116.153383,WGS84,PM10 Total 0-10um STP,24-HR BLK AVG,PM10 24-hour 2006,2021-01-12,Micrograms/cubic meter (25 C),Included,1,100.0,28,28,23,26,, - ,Torres Martinez Administration Site,66725  MARTINEZ ROAD,California,Riverside,Torres-Martinez I.R.,"Riverside-San Bernardino-Ontario, CA",2021-04-07
3174,6,65,1999,81102,1,33.56125,-116.153383,WGS84,PM10 Total 0-10um STP,24-HR BLK AVG,PM10 24-hour 2006,2021-01-13,Micrograms/cubic meter (25 C),Included,1,100.0,38,38,23,35,, - ,Torres Martinez Administration Site,66725  MARTINEZ ROAD,California,Riverside,Torres-Martinez I.R.,"Riverside-San Bernardino-Ontario, CA",2021-04-07
3175,6,65,1999,81102,1,33.56125,-116.153383,WGS84,PM10 Total 0-10um STP,24-HR BLK AVG,PM10 24-hour 2006,2021-01-14,Micrograms/cubic meter (25 C),Included,1,100.0,63,63,23,55,, - ,Torres Martinez Administration Site,66725  MARTINEZ ROAD,California,Riverside,Torres-Martinez I.R.,"Riverside-San Bernardino-Ontario, CA",2021-04-07
3176,6,65,1999,81102,1,33.56125,-116.153383,WGS84,PM10 Total 0-10um STP,24-HR BLK AVG,PM10 24-hour 2006,2021-01-15,Micrograms/cubic meter (25 C),Included,1,100.0,35,35,23,32,, - ,Torres Martinez Administration Site,66725  MARTINEZ ROAD,California,Riverside,Torres-Martinez I.R.,"Riverside-San Bernardino-Ontario, CA",2021-04-07
3177,6,65,1999,81102,1,33.56125,-116.153383,WGS84,PM10 Total 0-10um STP,24-HR BLK AVG,PM10 24-hour 2006,2021-01-16,Micrograms/cubic meter (25 C),Included,1,100.0,34,34,23,31,, - ,Torres Martinez Administration Site,66725  MARTINEZ ROAD,California,Riverside,Torres-Martinez I.R.,"Riverside-San Bernardino-Ontario, CA",2021-04-07
3178,6,65,1999,81102,1,33.56125,-116.153383,WGS84,PM10 Total 0-10um STP,24-HR BLK AVG,PM10 24-hour 2006,2021-01-17,Micrograms/cubic meter (25 C),Included,1,100.0,39,39,23,36,, - ,Torres Martinez Administration Site,66725  MARTINEZ ROAD,California,Riverside,Torres-Martinez I.R.,"Riverside-San Bernardino-Ontario, CA",2021-04-07
3179,6,65,1999,81102,1,33.56125,-116.153383,WGS84,PM10 Total 0-10um STP,24-HR BLK AVG,PM10 24-hour 2006,2021-01-18,Micrograms/cubic meter (25 C),Included,1,100.0,46,46,23,43,, - ,Torres Martinez Administration Site,66725  MARTINEZ ROAD,California,Riverside,Torres-Martinez I.R.,"Riverside-San Bernardino-Ontario, CA",2021-04-07
3180,6,65,1999,81102,1,33.56125,-116.153383,WGS84,PM10 Total 0-10um STP,24-HR BLK AVG,PM10 24-hour 2006,2021-01-19,Micrograms/cubic meter (25 C),Included,1,100.0,48,48,23,44,, - ,Torres Martinez Administration Site,66725  MARTINEZ ROAD,California,Riverside,Torres-Martinez I.R.,"Riverside-San Bernardino-Ontario, CA",2021-04-07
3181,6,65,1999,81102,1,33.56125,-116.153383,WGS84,PM10 Total 0-10um STP,24-HR BLK AVG,PM10 24-hour 2006,2021-01-20,Micrograms/cubic meter (25 C),Included,1,100.0,12,12,23,11,, - ,Torres Martinez Administration Site,66725  MARTINEZ ROAD,California,Riverside,Torres-Martinez I.R.,"Riverside-San Bernardino-Ontario, CA",2021-04-07
3182,6,65,1999,81102,1,33.56125,-116.153383,WGS84,PM10 Total 0-10um STP,24-HR BLK AVG,PM10 24-hour 2006,2021-01-21,Micrograms/cubic meter (25 C),Included,1,100.0,19,19,23,18,, - ,Torres Martinez Administration Site,66725  MARTINEZ ROAD,California,Riverside,Torres-Martinez I.R.,"Riverside-San Bernardino-Ontario, CA",2021-04-07
3183,6,65,1999,81102,1,33.56125,-116.153383,WGS84,PM10 Total 0-10um STP,24-HR BLK AVG,PM10 24-hour 2006,2021-01-22,Micrograms/cubic meter (25 C),Included,1,100.0,31,31,23,29,, - ,Torres Martinez Administration Site,66725  MARTINEZ ROAD,California,Riverside,Torres-Martinez I.R.,"Riverside-San Bernardino-Ontario, CA",2021-04-07
3184,6,65,1999,81102,1,33.56125,-116.153383,WGS84,PM10 Total 0-10um STP,24-HR BLK AVG,PM10 24-hour 2006,2021-01-23,Micrograms/cubic meter (25 C),Included,1,100.0,8,8,23,7,, - ,Torres Martinez Administration Site,66725  MARTINEZ ROAD,California,Riverside,Torres-Martinez I.R.,"Riverside-San Bernardino-Ontario, CA",2021-04-07
3185,6,65,1999,81102,1,33.56125,-116.153383,WGS84,PM10 Total 0-10um STP,24-HR BLK AVG,PM10 24-hour 2006,2021-01-24,Micrograms/cubic meter (25 C),Included,1,100.0,6,6,23,6,, - ,Torres Martinez Administration Site,66725  MARTINEZ ROAD,California,Riverside,Torres-Martinez I.R.,"Riverside-San Bernardino-Ontario, CA",2021-04-07
3186,6,65,1999,81102,1,33.56125,-116.153383,WGS84,PM10 Total 0-10um STP,24-HR BLK AVG,PM10 24-hour 2006,2021-01-25,Micrograms/cubic meter (25 C),Included,1,100.0,22,22,23,20,, - ,Torres Martinez Administration Site,66725  MARTINEZ ROAD,California,Riverside,Torres-Martinez I.R.,"Riverside-San Bernardino-Ontario, CA",2021-04-07
3187,6,65,1999,81102,1,33.56125,-116.153383,WGS84,PM10 Total 0-10um STP,24-HR BLK AVG,PM10 24-hour 2006,2021-01-26,Micrograms/cubic meter (25 C),Included,1,100.0,8,8,23,7,, - ,Torres Martinez Administration Site,66725  MARTINEZ ROAD,California,Riverside,Torres-Martinez I.R.,"Riverside-San Bernardino-Ontario, CA",2021-04-07
3188,6,65,1999,81102,1,33.56125,-116.153383,WGS84,PM10 Total 0-10um STP,24-HR BLK AVG,PM10 24-hour 2006,2021-01-27,Micrograms/cubic meter (25 C),Included,1,100.0,13,13,23,12,, - ,Torres Martinez Administration Site,66725  MARTINEZ ROAD,California,Riverside,Torres-Martinez I.R.,"Riverside-San Bernardino-Ontario, CA",2021-04-07
3189,6,65,1999,81102,1,33.56125,-116.153383,WGS84,PM10 Total 0-10um STP,24-HR BLK AVG,PM10 24-hour 2006,2021-01-28,Micrograms/cubic meter (25 C),Included,1,100.0,16,16,23,15,, - ,Torres Martinez Administration Site,66725  MARTINEZ ROAD,California,Riverside,Torres-Martinez I.R.,"Riverside-San Bernardino-Ontario, CA",2021-04-07
3190,6,65,1999,81102,1,33.56125,-116.153383,WGS84,PM10 Total 0-10um STP,24-HR BLK AVG,PM10 24-hour 2006,2021-01-29,Micrograms/cubic meter (25 C),Included,1,100.0,9,9,23,8,, - ,Torres Martinez Administration Site,66725  MARTINEZ ROAD,California,Riverside,Torres-Martinez I.R.,"Riverside-San Bernardino-Ontario, CA",2021-04-07
3191,6,65,1999,81102,1,33.56125,-116.153383,WGS84,PM10 Total 0-10um STP,24-HR BLK AVG,PM10 24-hour 2006,2021-01-30,Micrograms/cubic meter (25 C),Included,1,100.0,6,6,23,6,, - ,Torres Martinez Administration Site,66725  MARTINEZ ROAD,California,Riverside,Torres-Martinez I.R.,"Riverside-San Bernardino-Ontario, CA",2021-04-07
3192,6,65,1999,81102,1,33.56125,-116.153383,WGS84,PM10 Total 0-10um STP,24-HR BLK AVG,PM10 24-hour 2006,2021-01-31,Micrograms/cubic meter (25 C),Included,1,100.0,9,9,23,8,, - ,Torres Martinez Administration Site,66725  MARTINEZ ROAD,California,Riverside,Torres-Martinez I.R.,"Riverside-San Bernardino-Ontario, CA",2021-04-07
3193,6,65,1999,81102,1,33.56125,-116.153383,WGS84,PM10 Total 0-10um STP,24-HR BLK AVG,PM10 24-hour 2006,2021-02-01,Micrograms/cubic meter (25 C),Included,1,100.0,30,30,23,28,, - ,Torres Martinez Administration Site,66725  MARTINEZ ROAD,California,Riverside,Torres-Martinez I.R.,"Riverside-San Bernardino-Ontario, CA",2021-04-07
3194,6,65,1999,81102,1,33.56125,-116.153383,WGS84,PM10 Total 0-10um STP,24-HR BLK AVG,PM10 24-hour 2006,2021-02-02,Micrograms/cubic meter (25 C),Included,1,100.0,20,20,23,19,, - ,Torres Martinez Administration Site,66725  MARTINEZ ROAD,California,Riverside,Torres-Martinez I.R.,"Riverside-San Bernardino-Ontario, CA",2021-04-07
3195,6,65,1999,81102,1,33.56125,-116.153383,WGS84,PM10 Total 0-10um STP,24-HR BLK AVG,PM10 24-hour 2006,2021-02-03,Micrograms/cubic meter (25 C),Included,1,100.0,30,30,23,28,, - ,Torres Martinez Administration Site,66725  MARTINEZ ROAD,California,Riverside,Torres-Martinez I.R.,"Riverside-San Bernardino-Ontario, CA",2021-04-07
3196,6,65,1999,81102,1,33.56125,-116.153383,WGS84,PM10 Total 0-10um STP,24-HR BLK AVG,PM10 24-hour 2006,2021-02-04,Micrograms/cubic meter (25 C),Included,1,100.0,28,28,23,26,, - ,Torres Martinez Administration Site,66725  MARTINEZ ROAD,California,Riverside,Torres-Martinez I.R.,"Riverside-San Bernardino-Ontario, CA",2021-04-07
3197,6,65,1999,81102,1,33.56125,-116.153383,WGS84,PM10 Total 0-10um STP,24-HR BLK AVG,PM10 24-hour 2006,2021-02-05,Micrograms/cubic meter (25 C),Included,1,100.0,21,21,23,19,, - ,Torres Martinez Administration Site,66725  MARTINEZ ROAD,California,Riverside,Torres-Martinez I.R.,"Riverside-San Bernardino-Ontario, CA",2021-04-07
3198,6,65,1999,81102,1,33.56125,-116.153383,WGS84,PM10 Total 0-10um STP,24-HR BLK AVG,PM10 24-hour 2006,2021-02-06,Micrograms/cubic meter (25 C),Included,1,100.0,34,34,23,31,, - ,Torres Martinez Administration Site,66725  MARTINEZ ROAD,California,Riverside,Torres-Martinez I.R.,"Riverside-San Bernardino-Ontario, CA",2021-04-07
3199,6,65,1999,81102,1,33.56125,-116.153383,WGS84,PM10 Total 0-10um STP,24-HR BLK AVG,PM10 24-hour 2006,2021-02-07,Micrograms/cubic meter (25 C),Included,1,100.0,27,27,23,25,, - ,Torres Martinez Administration Site,66725  MARTINEZ ROAD,California,Riverside,Torres-Martinez I.R.,"Riverside-San Bernardino-Ontario, CA",2021-04-07
3200,6,65,1999,81102,1,33.56125,-116.153383,WGS84,PM10 Total 0-10um STP,24-HR BLK AVG,PM10 24-hour 2006,2021-02-08,Micrograms/cubic meter (25 C),Included,1,100.0,44,44,23,41,, - ,Torres Martinez Administration Site,66725  MARTINEZ ROAD,California,Riverside,Torres-Martinez I.R.,"Riverside-San Bernardino-Ontario, CA",2021-04-07
3201,6,65,1999,81102,1,33.56125,-116.153383,WGS84,PM10 Total 0-10um STP,24-HR BLK AVG,PM10 24-hour 2006,2021-02-09,Micrograms/cubic meter (25 C),Included,1,100.0,39,39,23,36,, - ,Torres Martinez Administration Site,66725  MARTINEZ ROAD,California,Riverside,Torres-Martinez I.R.,"Riverside-San Bernardino-Ontario, CA",2021-04-07
3202,6,65,1999,81102,1,33.56125,-116.153383,WGS84,PM10 Total 0-10um STP,24-HR BLK AVG,PM10 24-hour 2006,2021-02-10,Micrograms/cubic meter (25 C),Included,1,100.0,52,52,23,48,, - ,Torres Martinez Administration Site,66725  MARTINEZ ROAD,California,Riverside,Torres-Martinez I.R.,"Riverside-San Bernardino-Ontario, CA",2021-04-07
3203,6,65,1999,81102,1,33.56125,-116.153383,WGS84,PM10 Total 0-10um STP,24-HR BLK AVG,PM10 24-hour 2006,2021-02-11,Micrograms/cubic meter (25 C),Included,1,100.0,55,55,23,51,, - ,Torres Martinez Administration Site,66725  MARTINEZ ROAD,California,Riverside,Torres-Martinez I.R.,"Riverside-San Bernardino-Ontario, CA",2021-04-07
3204,6,65,1999,81102,1,33.56125,-116.153383,WGS84,PM10 Total 0-10um STP,24-HR BLK AVG,PM10 24-hour 2006,2021-02-12,Micrograms/cubic meter (25 C),Included,1,100.0,82,82,23,64,, - ,Torres Martinez Administration Site,66725  MARTINEZ ROAD,California,Riverside,Torres-Martinez I.R.,"Riverside-San Bernardino-Ontario, CA",2021-04-07
3205,6,65,1999,81102,1,33.56125,-116.153383,WGS84,PM10 Total 0-10um STP,24-HR BLK AVG,PM10 24-hour 2006,2021-02-13,Micrograms/cubic meter (25 C),Included,1,100.0,55,55,23,51,, - ,Torres Martinez Administration Site,66725  MARTINEZ ROAD,California,Riverside,Torres-Martinez I.R.,"Riverside-San Bernardino-Ontario, CA",2021-04-07
3206,6,65,1999,81102,1,33.56125,-116.153383,WGS84,PM10 Total 0-10um STP,24-HR BLK AVG,PM10 24-hour 2006,2021-02-14,Micrograms/cubic meter (25 C),Included,1,100.0,35,35,23,32,, - ,Torres Martinez Administration Site,66725  MARTINEZ ROAD,California,Riverside,Torres-Martinez I.R.,"Riverside-San Bernardino-Ontario, CA",2021-04-07
3207,6,65,1999,81102,1,33.56125,-116.153383,WGS84,PM10 Total 0-10um STP,24-HR BLK AVG,PM10 24-hour 2006,2021-02-15,Micrograms/cubic meter (25 C),Included,1,100.0,25,25,23,23,, - ,Torres Martinez Administration Site,66725  MARTINEZ ROAD,California,Riverside,Torres-Martinez I.R.,"Riverside-San Bernardino-Ontario, CA",2021-04-07
3208,6,65,1999,81102,1,33.56125,-116.153383,WGS84,PM10 Total 0-10um STP,24-HR BLK AVG,PM10 24-hour 2006,2021-02-16,Micrograms/cubic meter (25 C),Included,1,100.0,34,34,23,31,, - ,Torres Martinez Administration Site,66725  MARTINEZ ROAD,California,Riverside,Torres-Martinez I.R.,"Riverside-San Bernardino-Ontario, CA",2021-04-07
3209,6,65,1999,81102,1,33.56125,-116.153383,WGS84,PM10 Total 0-10um STP,24-HR BLK AVG,PM10 24-hour 2006,2021-02-17,Micrograms/cubic meter (25 C),Included,1,100.0,31,31,23,29,, - ,Torres Martinez Administration Site,66725  MARTINEZ ROAD,California,Riverside,Torres-Martinez I.R.,"Riverside-San Bernardino-Ontario, CA",2021-04-07
3210,6,65,1999,81102,1,33.56125,-116.153383,WGS84,PM10 Total 0-10um STP,24-HR BLK AVG,PM10 24-hour 2006,2021-02-18,Micrograms/cubic meter (25 C),Included,1,100.0,28,28,23,26,, - ,Torres Martinez Administration Site,66725  MARTINEZ ROAD,California,Riverside,Torres-Martinez I.R.,"Riverside-San Bernardino-Ontario, CA",2021-04-07
3211,6,65,1999,81102,1,33.56125,-116.153383,WGS84,PM10 Total 0-10um STP,24-HR BLK AVG,PM10 24-hour 2006,2021-02-19,Micrograms/cubic meter (25 C),Included,1,100.0,24,24,23,22,, - ,Torres Martinez Administration Site,66725  MARTINEZ ROAD,California,Riverside,Torres-Martinez I.R.,"Riverside-San Bernardino-Ontario, CA",2021-04-07
3212,6,65,1999,81102,1,33.56125,-116.153383,WGS84,PM10 Total 0-10um STP,24-HR BLK AVG,PM10 24-hour 2006,2021-02-20,Micrograms/cubic meter (25 C),Included,1,100.0,58,58,23,52,, - ,Torres Martinez Administration Site,66725  MARTINEZ ROAD,California,Riverside,Torres-Martinez I.R.,"Riverside-San Bernardino-Ontario, CA",2021-04-07
3213,6,65,1999,81102,1,33.56125,-116.153383,WGS84,PM10 Total 0-10um STP,24-HR BLK AVG,PM10 24-hour 2006,2021-02-21,Micrograms/cubic meter (25 C),Included,1,100.0,26,26,23,24,, - ,Torres Martinez Administration Site,66725  MARTINEZ ROAD,California,Riverside,Torres-Martinez I.R.,"Riverside-San Bernardino-Ontario, CA",2021-04-07
3214,6,65,1999,81102,1,33.56125,-116.153383,WGS84,PM10 Total 0-10um STP,24-HR BLK AVG,PM10 24-hour 2006,2021-02-22,Micrograms/cubic meter (25 C),Included,1,100.0,22,22,23,20,, - ,Torres Martinez Administration Site,66725  MARTINEZ ROAD,California,Riverside,Torres-Martinez I.R.,"Riverside-San Bernardino-Ontario, CA",2021-04-07
3215,6,65,1999,81102,1,33.56125,-116.153383,WGS84,PM10 Total 0-10um STP,24-HR BLK AVG,PM10 24-hour 2006,2021-02-23,Micrograms/cubic meter (25 C),Included,1,100.0,26,26,23,24,, - ,Torres Martinez Administration Site,66725  MARTINEZ ROAD,California,Riverside,Torres-Martinez I.R.,"Riverside-San Bernardino-Ontario, CA",2021-04-07
3216,6,65,1999,81102,1,33.56125,-116.153383,WGS84,PM10 Total 0-10um STP,24-HR BLK AVG,PM10 24-hour 2006,2021-02-24,Micrograms/cubic meter (25 C),Included,1,100.0,38,38,23,35,, - ,Torres Martinez Administration Site,66725  MARTINEZ ROAD,California,Riverside,Torres-Martinez I.R.,"Riverside-San Bernardino-Ontario, CA",2021-04-07
3217,6,65,1999,81102,1,33.56125,-116.153383,WGS84,PM10 Total 0-10um STP,24-HR BLK AVG,PM10 24-hour 2006,2021-02-25,Micrograms/cubic meter (25 C),Included,1,100.0,134,134,23,90,, - ,Torres Martinez Administration Site,66725  MARTINEZ ROAD,California,Riverside,Torres-Martinez I.R.,"Riverside-San Bernardino-Ontario, CA",2021-04-07
3218,6,65,1999,81102,1,33.56125,-116.153383,WGS84,PM10 Total 0-10um STP,24-HR BLK AVG,PM10 24-hour 2006,2021-02-26,Micrograms/cubic meter (25 C),Included,1,100.0,33,33,23,31,, - ,Torres Martinez Administration Site,66725  MARTINEZ ROAD,California,Riverside,Torres-Martinez I.R.,"Riverside-San Bernardino-Ontario, CA",2021-04-07
3219,6,65,1999,81102,1,33.56125,-116.153383,WGS84,PM10 Total 0-10um STP,24-HR BLK AVG,PM10 24-hour 2006,2021-02-27,Micrograms/cubic meter (25 C),Included,1,100.0,37,37,23,34,, - ,Torres Martinez Administration Site,66725  MARTINEZ ROAD,California,Riverside,Torres-Martinez I.R.,"Riverside-San Bernardino-Ontario, CA",2021-04-07
3220,6,65,1999,81102,1,33.56125,-116.153383,WGS84,PM10 Total 0-10um STP,24-HR BLK AVG,PM10 24-hour 2006,2021-02-28,Micrograms/cubic meter (25 C),Included,1,100.0,21,21,23,19,, - ,Torres Martinez Administration Site,66725  MARTINEZ ROAD,California,Riverside,Torres-Martinez I.R.,"Riverside-San Bernardino-Ontario, CA",2021-04-07
3221,6,65,1999,81102,1,33.56125,-116.153383,WGS84,PM10 Total 0-10um STP,24-HR BLK AVG,PM10 24-hour 2006,2021-03-01,Micrograms/cubic meter (25 C),Included,1,100.0,28,28,23,26,, - ,Torres Martinez Administration Site,66725  MARTINEZ ROAD,California,Riverside,Torres-Martinez I.R.,"Riverside-San Bernardino-Ontario, CA",2021-04-07
3222,6,65,1999,81102,1,33.56125,-116.153383,WGS84,PM10 Total 0-10um STP,24-HR BLK AVG,PM10 24-hour 2006,2021-03-02,Micrograms/cubic meter (25 C),Included,1,100.0,30,30,23,28,, - ,Torres Martinez Administration Site,66725  MARTINEZ ROAD,California,Riverside,Torres-Martinez I.R.,"Riverside-San Bernardino-Ontario, CA",2021-04-07
3223,6,65,1999,81102,1,33.56125,-116.153383,WGS84,PM10 Total 0-10um STP,24-HR BLK AVG,PM10 24-hour 2006,2021-03-03,Micrograms/cubic meter (25 C),Included,1,100.0,30,30,23,28,, - ,Torres Martinez Administration Site,66725  MARTINEZ ROAD,California,Riverside,Torres-Martinez I.R.,"Riverside-San Bernardino-Ontario, CA",2021-04-07
3224,6,65,1999,81102,1,33.56125,-116.153383,WGS84,PM10 Total 0-10um STP,24-HR BLK AVG,PM10 24-hour 2006,2021-03-04,Micrograms/cubic meter (25 C),Included,1,100.0,20,20,23,19,, - ,Torres Martinez Administration Site,66725  MARTINEZ ROAD,California,Riverside,Torres-Martinez I.R.,"Riverside-San Bernardino-Ontario, CA",2021-04-07
3225,6,65,1999,81102,1,33.56125,-116.153383,WGS84,PM10 Total 0-10um STP,24-HR BLK AVG,PM10 24-hour 2006,2021-03-05,Micrograms/cubic meter (25 C),Included,1,100.0,28,28,23,26,, - ,Torres Martinez Administration Site,66725  MARTINEZ ROAD,California,Riverside,Torres-Martinez I.R.,"Riverside-San Bernardino-Ontario, CA",2021-04-07
3226,6,65,1999,81102,1,33.56125,-116.153383,WGS84,PM10 Total 0-10um STP,24-HR BLK AVG,PM10 24-hour 2006,2021-03-06,Micrograms/cubic meter (25 C),Included,1,100.0,39,39,23,36,, - ,Torres Martinez Administration Site,66725  MARTINEZ ROAD,California,Riverside,Torres-Martinez I.R.,"Riverside-San Bernardino-Ontario, CA",2021-04-07
3227,6,65,1999,81102,1,33.56125,-116.153383,WGS84,PM10 Total 0-10um STP,24-HR BLK AVG,PM10 24-hour 2006,2021-03-07,Micrograms/cubic meter (25 C),Included,1,100.0,35,35,23,32,, - ,Torres Martinez Administration Site,66725  MARTINEZ ROAD,California,Riverside,Torres-Martinez I.R.,"Riverside-San Bernardino-Ontario, CA",2021-04-07
3228,6,65,1999,81102,1,33.56125,-116.153383,WGS84,PM10 Total 0-10um STP,24-HR BLK AVG,PM10 24-hour 2006,2021-03-08,Micrograms/cubic meter (25 C),Included,1,100.0,56,56,23,51,, - ,Torres Martinez Administration Site,66725  MARTINEZ ROAD,California,Riverside,Torres-Martinez I.R.,"Riverside-San Bernardino-Ontario, CA",2021-04-07
3229,6,65,1999,81102,1,33.56125,-116.153383,WGS84,PM10 Total 0-10um STP,24-HR BLK AVG,PM10 24-hour 2006,2021-03-09,Micrograms/cubic meter (25 C),Included,1,100.0,321,321,23,184,, - ,Torres Martinez Administration Site,66725  MARTINEZ ROAD,California,Riverside,Torres-Martinez I.R.,"Riverside-San Bernardino-Ontario, CA",2021-04-07
3230,6,65,1999,81102,1,33.56125,-116.153383,WGS84,PM10 Total 0-10um STP,24-HR BLK AVG,PM10 24-hour 2006,2021-03-10,Micrograms/cubic meter (25 C),Included,1,100.0,80,80,23,63,, - ,Torres Martinez Administration Site,66725  MARTINEZ ROAD,California,Riverside,Torres-Martinez I.R.,"Riverside-San Bernardino-Ontario, CA",2021-04-07
3231,6,65,1999,81102,1,33.56125,-116.153383,WGS84,PM10 Total 0-10um STP,24-HR BLK AVG,PM10 24-hour 2006,2021-03-11,Micrograms/cubic meter (25 C),Included,1,100.0,10,10,23,9,, - ,Torres Martinez Administration Site,66725  MARTINEZ ROAD,California,Riverside,Torres-Martinez I.R.,"Riverside-San Bernardino-Ontario, CA",2021-04-07
3232,6,65,1999,81102,1,33.56125,-116.153383,WGS84,PM10 Total 0-10um STP,24-HR BLK AVG,PM10 24-hour 2006,2021-03-12,Micrograms/cubic meter (25 C),Included,1,100.0,96,96,23,71,, - ,Torres Martinez Administration Site,66725  MARTINEZ ROAD,California,Riverside,Torres-Martinez I.R.,"Riverside-San Bernardino-Ontario, CA",2021-04-07
3233,6,65,1999,81102,1,33.56125,-116.153383,WGS84,PM10 Total 0-10um STP,24-HR BLK AVG,PM10 24-hour 2006,2021-03-13,Micrograms/cubic meter (25 C),Included,1,100.0,17,17,23,16,, - ,Torres Martinez Administration Site,66725  MARTINEZ ROAD,California,Riverside,Torres-Martinez I.R.,"Riverside-San Bernardino-Ontario, CA",2021-04-07
3234,6,65,1999,81102,1,33.56125,-116.153383,WGS84,PM10 Total 0-10um STP,24-HR BLK AVG,PM10 24-hour 2006,2021-03-14,Micrograms/cubic meter (25 C),Included,1,100.0,27,27,23,25,, - ,Torres Martinez Administration Site,66725  MARTINEZ ROAD,California,Riverside,Torres-Martinez I.R.,"Riverside-San Bernardino-Ontario, CA",2021-04-07
3235,6,65,1999,81102,1,33.56125,-116.153383,WGS84,PM10 Total 0-10um STP,24-HR BLK AVG,PM10 24-hour 2006,2021-03-15,Micrograms/cubic meter (25 C),Included,1,100.0,126,126,23,86,, - ,Torres Martinez Administration Site,66725  MARTINEZ ROAD,California,Riverside,Torres-Martinez I.R.,"Riverside-San Bernardino-Ontario, CA",2021-04-07
3236,6,65,1999,81102,1,33.56125,-116.153383,WGS84,PM10 Total 0-10um STP,24-HR BLK AVG,PM10 24-hour 2006,2021-03-16,Micrograms/cubic meter (25 C),Included,1,100.0,19,19,23,18,, - ,Torres Martinez Administration Site,66725  MARTINEZ ROAD,California,Riverside,Torres-Martinez I.R.,"Riverside-San Bernardino-Ontario, CA",2021-04-07
3237,6,65,1999,81102,1,33.56125,-116.153383,WGS84,PM10 Total 0-10um STP,24-HR BLK AVG,PM10 24-hour 2006,2021-03-17,Micrograms/cubic meter (25 C),Included,1,100.0,23,23,23,21,, - ,Torres Martinez Administration Site,66725  MARTINEZ ROAD,California,Riverside,Torres-Martinez I.R.,"Riverside-San Bernardino-Ontario, CA",2021-04-07
3238,6,65,1999,81102,1,33.56125,-116.153383,WGS84,PM10 Total 0-10um STP,24-HR BLK AVG,PM10 24-hour 2006,2021-03-18,Micrograms/cubic meter (25 C),Included,1,100.0,28,28,23,26,, - ,Torres Martinez Administration Site,66725  MARTINEZ ROAD,California,Riverside,Torres-Martinez I.R.,"Riverside-San Bernardino-Ontario, CA",2021-04-07
3239,6,65,1999,81102,1,33.56125,-116.153383,WGS84,PM10 Total 0-10um STP,24-HR BLK AVG,PM10 24-hour 2006,2021-03-19,Micrograms/cubic meter (25 C),Included,1,100.0,40,40,23,37,, - ,Torres Martinez Administration Site,66725  MARTINEZ ROAD,California,Riverside,Torres-Martinez I.R.,"Riverside-San Bernardino-Ontario, CA",2021-04-07
3240,6,65,1999,81102,1,33.56125,-116.153383,WGS84,PM10 Total 0-10um STP,24-HR BLK AVG,PM10 24-hour 2006,2021-03-20,Micrograms/cubic meter (25 C),Included,1,100.0,36,36,23,33,, - ,Torres Martinez Administration Site,66725  MARTINEZ ROAD,California,Riverside,Torres-Martinez I.R.,"Riverside-San Bernardino-Ontario, CA",2021-04-07
3241,6,65,1999,81102,1,33.56125,-116.153383,WGS84,PM10 Total 0-10um STP,24-HR BLK AVG,PM10 24-hour 2006,2021-03-21,Micrograms/cubic meter (25 C),Included,1,100.0,33,33,23,31,, - ,Torres Martinez Administration Site,66725  MARTINEZ ROAD,California,Riverside,Torres-Martinez I.R.,"Riverside-San Bernardino-Ontario, CA",2021-04-07
3242,6,65,1999,81102,1,33.56125,-116.153383,WGS84,PM10 Total 0-10um STP,24-HR BLK AVG,PM10 24-hour 2006,2021-03-22,Micrograms/cubic meter (25 C),Included,1,100.0,36,36,23,33,, - ,Torres Martinez Administration Site,66725  MARTINEZ ROAD,California,Riverside,Torres-Martinez I.R.,"Riverside-San Bernardino-Ontario, CA",2021-04-07
3243,6,65,1999,81102,1,33.56125,-116.153383,WGS84,PM10 Total 0-10um STP,24-HR BLK AVG,PM10 24-hour 2006,2021-03-23,Micrograms/cubic meter (25 C),Included,1,100.0,232,232,23,139,, - ,Torres Martinez Administration Site,66725  MARTINEZ ROAD,California,Riverside,Torres-Martinez I.R.,"Riverside-San Bernardino-Ontario, CA",2021-04-07
3244,6,65,1999,81102,1,33.56125,-116.153383,WGS84,PM10 Total 0-10um STP,24-HR BLK AVG,PM10 24-hour 2006,2021-03-24,Micrograms/cubic meter (25 C),Included,1,100.0,55,55,23,51,, - ,Torres Martinez Administration Site,66725  MARTINEZ ROAD,California,Riverside,Torres-Martinez I.R.,"Riverside-San Bernardino-Ontario, CA",2021-04-07
3245,6,65,1999,81102,1,33.56125,-116.153383,WGS84,PM10 Total 0-10um STP,24-HR BLK AVG,PM10 24-hour 2006,2021-03-25,Micrograms/cubic meter (25 C),Included,1,100.0,345,345,23,196,, - ,Torres Martinez Administration Site,66725  MARTINEZ ROAD,California,Riverside,Torres-Martinez I.R.,"Riverside-San Bernardino-Ontario, CA",2021-04-07
3246,6,65,1999,81102,1,33.56125,-116.153383,WGS84,PM10 Total 0-10um STP,24-HR BLK AVG,PM10 24-hour 2006,2021-03-26,Micrograms/cubic meter (25 C),Included,1,100.0,25,25,23,23,, - ,Torres Martinez Administration Site,66725  MARTINEZ ROAD,California,Riverside,Torres-Martinez I.R.,"Riverside-San Bernardino-Ontario, CA",2021-04-07
3247,6,65,1999,81102,1,33.56125,-116.153383,WGS84,PM10 Total 0-10um STP,24-HR BLK AVG,PM10 24-hour 2006,2021-03-27,Micrograms/cubic meter (25 C),Included,1,100.0,23,23,23,21,, - ,Torres Martinez Administration Site,66725  MARTINEZ ROAD,California,Riverside,Torres-Martinez I.R.,"Riverside-San Bernardino-Ontario, CA",2021-04-07
3248,6,65,1999,81102,1,33.56125,-116.153383,WGS84,PM10 Total 0-10um STP,24-HR BLK AVG,PM10 24-hour 2006,2021-03-28,Micrograms/cubic meter (25 C),Included,1,100.0,20,20,23,19,, - ,Torres Martinez Administration Site,66725  MARTINEZ ROAD,California,Riverside,Torres-Martinez I.R.,"Riverside-San Bernardino-Ontario, CA",2021-04-07
3249,6,65,1999,81102,1,33.56125,-116.153383,WGS84,PM10 Total 0-10um STP,24-HR BLK AVG,PM10 24-hour 2006,2021-03-29,Micrograms/cubic meter (25 C),Included,1,100.0,36,36,23,33,, - ,Torres Martinez Administration Site,66725  MARTINEZ ROAD,California,Riverside,Torres-Martinez I.R.,"Riverside-San Bernardino-Ontario, CA",2021-04-07
3250,6,65,1999,81102,1,33.56125,-116.153383,WGS84,PM10 Total 0-10um STP,24-HR BLK AVG,PM10 24-hour 2006,2021-03-30,Micrograms/cubic meter (25 C),Included,1,100.0,60,60,23,53,, - ,Torres Martinez Administration Site,66725  MARTINEZ ROAD,California,Riverside,Torres-Martinez I.R.,"Riverside-San Bernardino-Ontario, CA",2021-04-07
3251,6,65,1999,81102,1,33.56125,-116.153383,WGS84,PM10 Total 0-10um STP,24-HR BLK AVG,PM10 24-hour 2006,2021-03-31,Micrograms/cubic meter (25 C),Included,1,100.0,35,35,23,32,, - ,Torres Martinez Administration Site,66725  MARTINEZ ROAD,California,Riverside,Torres-Martinez I.R.,"Riverside-San Bernardino-Ontario, CA",2021-04-07
