Year,Zip_Code,Number_of_Asthma_ED_Visits,Age_Adjusted_Rate_of_Asthma_ED_V,Age_Group,county
2018,91752,38,36.2,0-17,Riverside
2018,92201,87,46.3,0-17,Riverside
2018,92203,25,31.7,0-17,Riverside
2018,92220,60,84.7,0-17,Riverside
2018,92223,57,39,0-17,Riverside
2018,92225,48,98.2,0-17,Riverside
2018,92227,187,224.6,0-17,Imperial
2018,92231,67,59.4,0-17,Imperial
2018,92234,44,34.6,0-17,Riverside
2018,92236,81,51.3,0-17,Riverside
2018,92240,75,70.7,0-17,Riverside
2018,92243,168,120.4,0-17,Imperial
2018,92249,24,100.2,0-17,Imperial
2018,92250,21,97.6,0-17,Imperial
2018,92251,79,137.1,0-17,Imperial
2018,92253,21,28.4,0-17,Riverside
2018,92254,14,27.6,0-17,Riverside
2018,92262,21,47.1,0-17,Riverside
2018,92274,27,35.7,0-17,Riverside
2018,92501,39,73.1,0-17,Riverside
2018,92503,164,63.5,0-17,Riverside
2018,92504,94,69.2,0-17,Riverside
2018,92505,96,71.9,0-17,Riverside
2018,92506,49,54.6,0-17,Riverside
2018,92507,77,60.2,0-17,Riverside
2018,92508,36,39.2,0-17,Riverside
2018,92509,102,44.1,0-17,Riverside
2018,92530,113,70.2,0-17,Riverside
2018,92532,30,40.9,0-17,Riverside
2018,92543,82,94.5,0-17,Riverside
2018,92544,69,59.4,0-17,Riverside
2018,92545,77,78.3,0-17,Riverside
2018,92551,77,76.1,0-17,Riverside
2018,92553,162,67.7,0-17,Riverside
2018,92555,80,69.4,0-17,Riverside
2018,92557,80,61.8,0-17,Riverside
2018,92562,90,57.2,0-17,Riverside
2018,92563,82,40.5,0-17,Riverside
2018,92567,14,49.9,0-17,Riverside
2018,92570,90,50.6,0-17,Riverside
2018,92571,107,55.9,0-17,Riverside
2018,92582,35,62.2,0-17,Riverside
2018,92583,117,131.6,0-17,Riverside
2018,92584,76,57.6,0-17,Riverside
2018,92585,25,40.5,0-17,Riverside
2018,92586,17,67.8,0-17,Riverside
2018,92587,14,33.1,0-17,Riverside
2018,92591,51,43.3,0-17,Riverside
2018,92592,89,41.2,0-17,Riverside
2018,92595,49,57.6,0-17,Riverside
2018,92596,40,42.1,0-17,Riverside
2018,92879,75,59.1,0-17,Riverside
2018,92880,75,30,0-17,Riverside
2018,92881,18,22.2,0-17,Riverside
2018,92882,94,48.1,0-17,Riverside
2018,92883,23,25.1,0-17,Riverside
2018,91752,63,22.9,18+,Riverside
2018,92201,171,36.5,18+,Riverside
2018,92203,35,15.3,18+,Riverside
2018,92211,28,22.6,18+,Riverside
2018,92220,133,62.5,18+,Riverside
2018,92223,115,30,18+,Riverside
2018,92225,69,37.2,18+,Riverside
2018,92227,133,73.1,18+,Imperial
2018,92230,26,118.3,18+,Riverside
2018,92231,61,20.3,18+,Imperial
2018,92233,14,22.3,18+,Imperial
2018,92234,97,25.7,18+,Riverside
2018,92236,116,38.6,18+,Riverside
2018,92240,122,46.3,18+,Riverside
2018,92241,17,26.9,18+,Riverside
2018,92243,190,48.7,18+,Imperial
2018,92249,15,28.7,18+,Imperial
2018,92250,25,41.1,18+,Imperial
2018,92251,74,50.5,18+,Imperial
2018,92253,42,18.5,18+,Riverside
2018,92254,12,12.1,18+,Riverside
2018,92257,12,73.1,18+,Imperial
2018,92260,32,17.6,18+,Riverside
2018,92262,55,25.2,18+,Riverside
2018,92264,30,33.9,18+,Riverside
2018,92270,13,8.8,18+,Riverside
2018,92274,34,15.2,18+,Riverside
2018,92276,18,35.1,18+,Riverside
2018,92320,20,32.1,18+,Riverside
2018,92501,112,69.4,18+,Riverside
2018,92503,259,37.5,18+,Riverside
2018,92504,138,31.3,18+,Riverside
2018,92505,121,31,18+,Riverside
2018,92506,108,29.6,18+,Riverside
2018,92507,154,38.4,18+,Riverside
2018,92508,58,22.3,18+,Riverside
2018,92509,222,38.2,18+,Riverside
2018,92530,167,39.2,18+,Riverside
2018,92532,53,28.8,18+,Riverside
2018,92539,13,45,18+,Riverside
2018,92543,169,72.7,18+,Riverside
2018,92544,136,38.2,18+,Riverside
2018,92545,139,47.4,18+,Riverside
2018,92548,17,29.9,18+,Riverside
2018,92551,119,49.6,18+,Riverside
2018,92553,292,56.6,18+,Riverside
2018,92555,133,42.4,18+,Riverside
2018,92557,126,32.5,18+,Riverside
2018,92562,117,24.7,18+,Riverside
2018,92563,136,27.3,18+,Riverside
2018,92570,193,45.6,18+,Riverside
2018,92571,153,37.5,18+,Riverside
2018,92582,58,45.9,18+,Riverside
2018,92583,112,48.7,18+,Riverside
2018,92584,90,24.9,18+,Riverside
2018,92585,57,34.9,18+,Riverside
2018,92586,71,67,18+,Riverside
2018,92587,31,24.7,18+,Riverside
2018,92591,54,15.7,18+,Riverside
2018,92592,108,19.4,18+,Riverside
2018,92595,85,32,18+,Riverside
2018,92596,40,19.2,18+,Riverside
2018,92860,43,21.3,18+,Riverside
2018,92879,91,25.5,18+,Riverside
2018,92880,97,17.4,18+,Riverside
2018,92881,29,12.6,18+,Riverside
2018,92882,134,26.1,18+,Riverside
2018,92883,47,19.7,18+,Riverside
2018,91752,101,26.3,All Ages,Riverside
2018,92201,258,39.1,All Ages,Riverside
2018,92203,60,19.6,All Ages,Riverside
2018,92211,37,26.3,All Ages,Riverside
2018,92220,193,68.2,All Ages,Riverside
2018,92223,172,32.3,All Ages,Riverside
2018,92225,117,52.9,All Ages,Riverside
2018,92227,320,112.1,All Ages,Imperial
2018,92230,29,97.9,All Ages,Riverside
2018,92231,128,30.4,All Ages,Imperial
2018,92233,28,44.6,All Ages,Imperial
2018,92234,141,28,All Ages,Riverside
2018,92236,197,41.9,All Ages,Riverside
2018,92240,197,52.6,All Ages,Riverside
2018,92241,25,32.1,All Ages,Riverside
2018,92243,358,67.2,All Ages,Imperial
2018,92249,39,47.1,All Ages,Imperial
2018,92250,46,55.7,All Ages,Imperial
2018,92251,153,72.8,All Ages,Imperial
2018,92253,63,21,All Ages,Riverside
2018,92254,26,16.1,All Ages,Riverside
2018,92257,15,76.9,All Ages,Imperial
2018,92260,43,19.4,All Ages,Riverside
2018,92262,76,30.8,All Ages,Riverside
2018,92264,35,33,All Ages,Riverside
2018,92270,17,12.6,All Ages,Riverside
2018,92274,61,20.5,All Ages,Riverside
2018,92276,24,35.7,All Ages,Riverside
2018,92281,30,101.8,All Ages,Imperial
2018,92320,22,27.4,All Ages,Riverside
2018,92501,151,70.3,All Ages,Riverside
2018,92503,423,44.2,All Ages,Riverside
2018,92504,232,41.1,All Ages,Riverside
2018,92505,217,41.6,All Ages,Riverside
2018,92506,157,36.1,All Ages,Riverside
2018,92507,231,44,All Ages,Riverside
2018,92508,94,26.7,All Ages,Riverside
2018,92509,324,39.7,All Ages,Riverside
2018,92530,280,47.2,All Ages,Riverside
2018,92532,83,31.9,All Ages,Riverside
2018,92536,12,35.4,All Ages,Riverside
2018,92539,22,57.5,All Ages,Riverside
2018,92543,251,78.4,All Ages,Riverside
2018,92544,205,43.7,All Ages,Riverside
2018,92545,216,55.4,All Ages,Riverside
2018,92548,25,35.1,All Ages,Riverside
2018,92551,196,56.5,All Ages,Riverside
2018,92553,454,59.5,All Ages,Riverside
2018,92555,213,49.3,All Ages,Riverside
2018,92557,206,40.1,All Ages,Riverside
2018,92562,207,33.1,All Ages,Riverside
2018,92563,218,30.7,All Ages,Riverside
2018,92567,25,24,All Ages,Riverside
2018,92570,283,46.9,All Ages,Riverside
2018,92571,260,42.2,All Ages,Riverside
2018,92582,93,50.1,All Ages,Riverside
2018,92583,229,70.1,All Ages,Riverside
2018,92584,166,33.3,All Ages,Riverside
2018,92585,82,36.4,All Ages,Riverside
2018,92586,88,67.2,All Ages,Riverside
2018,92587,45,26.9,All Ages,Riverside
2018,92591,105,22.9,All Ages,Riverside
2018,92592,197,25.1,All Ages,Riverside
2018,92595,134,38.6,All Ages,Riverside
2018,92596,80,25.1,All Ages,Riverside
2018,92860,54,21.3,All Ages,Riverside
2018,92879,166,34.2,All Ages,Riverside
2018,92880,172,20.6,All Ages,Riverside
2018,92881,47,15.1,All Ages,Riverside
2018,92882,228,31.8,All Ages,Riverside
2018,92883,70,21.1,All Ages,Riverside
2017,91752,53,54.1,0-17,Riverside
2017,92201,154,81.7,0-17,Riverside
2017,92203,40,53.5,0-17,Riverside
2017,92211,12,50.6,0-17,Riverside
2017,92220,72,100,0-17,Riverside
2017,92223,99,69.3,0-17,Riverside
2017,92225,43,87,0-17,Riverside
2017,92227,216,257.8,0-17,Imperial
2017,92231,86,75.8,0-17,Imperial
2017,92234,52,40.9,0-17,Riverside
2017,92236,94,60,0-17,Riverside
2017,92240,87,81.2,0-17,Riverside
2017,92241,18,109,0-17,Riverside
2017,92243,193,136.6,0-17,Imperial
2017,92249,27,112.2,0-17,Imperial
2017,92250,24,112.6,0-17,Imperial
2017,92251,81,144.1,0-17,Imperial
2017,92253,32,43.9,0-17,Riverside
2017,92254,21,41.1,0-17,Riverside
2017,92262,26,57.9,0-17,Riverside
2017,92274,29,37.9,0-17,Riverside
2017,92501,40,73.3,0-17,Riverside
2017,92503,202,78.6,0-17,Riverside
2017,92504,104,75.5,0-17,Riverside
2017,92505,112,85.7,0-17,Riverside
2017,92506,68,76,0-17,Riverside
2017,92507,76,60.1,0-17,Riverside
2017,92508,28,31.2,0-17,Riverside
2017,92509,134,58.1,0-17,Riverside
2017,92530,113,71.3,0-17,Riverside
2017,92532,30,42.6,0-17,Riverside
2017,92543,101,118.9,0-17,Riverside
2017,92544,116,99.6,0-17,Riverside
2017,92545,76,77.1,0-17,Riverside
2017,92551,100,102.7,0-17,Riverside
2017,92553,187,78,0-17,Riverside
2017,92555,95,80.7,0-17,Riverside
2017,92557,100,76.5,0-17,Riverside
2017,92562,71,44.3,0-17,Riverside
2017,92563,85,43.6,0-17,Riverside
2017,92567,13,44.9,0-17,Riverside
2017,92570,121,68.7,0-17,Riverside
2017,92571,138,72.2,0-17,Riverside
2017,92582,46,83.3,0-17,Riverside
2017,92583,99,112.4,0-17,Riverside
2017,92584,74,57.9,0-17,Riverside
2017,92585,23,39,0-17,Riverside
2017,92586,15,58,0-17,Riverside
2017,92587,28,66.1,0-17,Riverside
2017,92591,62,52.9,0-17,Riverside
2017,92592,112,53,0-17,Riverside
2017,92595,48,56.7,0-17,Riverside
2017,92596,38,42.3,0-17,Riverside
2017,92860,20,40,0-17,Riverside
2017,92879,88,69.4,0-17,Riverside
2017,92880,85,36.2,0-17,Riverside
2017,92881,24,29.3,0-17,Riverside
2017,92882,97,49.3,0-17,Riverside
2017,92883,22,24.4,0-17,Riverside
2017,91752,59,23.1,18+,Riverside
2017,92201,171,35.6,18+,Riverside
2017,92203,24,11.4,18+,Riverside
2017,92211,45,44.8,18+,Riverside
2017,92220,135,58.2,18+,Riverside
2017,92223,142,39.7,18+,Riverside
2017,92225,86,45.4,18+,Riverside
2017,92227,97,51.6,18+,Imperial
2017,92230,35,156.1,18+,Riverside
2017,92231,99,33.2,18+,Imperial
2017,92233,22,37.2,18+,Imperial
2017,92234,124,32.5,18+,Riverside
2017,92236,117,39.2,18+,Riverside
2017,92240,129,47.8,18+,Riverside
2017,92241,22,38.6,18+,Riverside
2017,92243,215,57.2,18+,Imperial
2017,92249,23,39.5,18+,Imperial
2017,92250,37,60.4,18+,Imperial
2017,92251,69,47.4,18+,Imperial
2017,92253,46,17.5,18+,Riverside
2017,92260,41,24.4,18+,Riverside
2017,92262,92,40.1,18+,Riverside
2017,92264,14,14.5,18+,Riverside
2017,92270,18,18.5,18+,Riverside
2017,92274,35,15.7,18+,Riverside
2017,92276,17,34.7,18+,Riverside
2017,92320,24,39.4,18+,Riverside
2017,92501,107,63.3,18+,Riverside
2017,92503,328,48.4,18+,Riverside
2017,92504,176,40.2,18+,Riverside
2017,92505,172,46.2,18+,Riverside
2017,92506,122,36.7,18+,Riverside
2017,92507,183,47.7,18+,Riverside
2017,92508,44,16,18+,Riverside
2017,92509,225,38.1,18+,Riverside
2017,92530,183,46.5,18+,Riverside
2017,92532,46,25.6,18+,Riverside
2017,92536,12,42.3,18+,Riverside
2017,92543,193,82,18+,Riverside
2017,92544,173,49.6,18+,Riverside
2017,92545,113,39.4,18+,Riverside
2017,92548,28,51.8,18+,Riverside
2017,92551,137,61.7,18+,Riverside
2017,92553,311,58.4,18+,Riverside
2017,92555,114,35.4,18+,Riverside
2017,92557,169,43.8,18+,Riverside
2017,92562,142,31,18+,Riverside
2017,92563,140,28.9,18+,Riverside
2017,92567,20,25.7,18+,Riverside
2017,92570,165,39,18+,Riverside
2017,92571,169,49.6,18+,Riverside
2017,92582,47,36.8,18+,Riverside
2017,92583,111,48,18+,Riverside
2017,92584,99,28.5,18+,Riverside
2017,92585,48,29.6,18+,Riverside
2017,92586,86,73.5,18+,Riverside
2017,92587,47,37.9,18+,Riverside
2017,92591,66,19.3,18+,Riverside
2017,92592,104,18.2,18+,Riverside
2017,92595,89,33.7,18+,Riverside
2017,92596,44,25.5,18+,Riverside
2017,92860,37,18.1,18+,Riverside
2017,92879,81,22.7,18+,Riverside
2017,92880,85,17.2,18+,Riverside
2017,92881,37,17.5,18+,Riverside
2017,92882,147,28.8,18+,Riverside
2017,92883,42,17.2,18+,Riverside
2017,91752,112,31.1,All Ages,Riverside
2017,92201,325,47.5,All Ages,Riverside
2017,92203,64,22.3,All Ages,Riverside
2017,92211,57,46.3,All Ages,Riverside
2017,92220,207,69,All Ages,Riverside
2017,92223,241,47.3,All Ages,Riverside
2017,92225,129,56.1,All Ages,Riverside
2017,92227,313,104.7,All Ages,Imperial
2017,92230,49,160.4,All Ages,Riverside
2017,92231,185,44.2,All Ages,Imperial
2017,92233,41,65.8,All Ages,Imperial
2017,92234,176,34.7,All Ages,Riverside
2017,92236,211,44.6,All Ages,Riverside
2017,92240,216,56.4,All Ages,Riverside
2017,92241,40,56.7,All Ages,Riverside
2017,92243,408,77.7,All Ages,Imperial
2017,92249,50,58.3,All Ages,Imperial
2017,92250,61,73.9,All Ages,Imperial
2017,92251,150,72.3,All Ages,Imperial
2017,92253,78,24.3,All Ages,Riverside
2017,92254,31,19.6,All Ages,Riverside
2017,92257,15,89.9,All Ages,Imperial
2017,92260,48,22.1,All Ages,Riverside
2017,92262,118,44.7,All Ages,Riverside
2017,92264,19,18.2,All Ages,Riverside
2017,92270,25,24.2,All Ages,Riverside
2017,92274,64,21.4,All Ages,Riverside
2017,92276,27,42.3,All Ages,Riverside
2017,92281,39,126.9,All Ages,Imperial
2017,92320,31,41.5,All Ages,Riverside
2017,92501,147,65.8,All Ages,Riverside
2017,92503,530,56.1,All Ages,Riverside
2017,92504,280,49.3,All Ages,Riverside
2017,92505,284,56.4,All Ages,Riverside
2017,92506,190,46.8,All Ages,Riverside
2017,92507,259,50.9,All Ages,Riverside
2017,92508,72,19.9,All Ages,Riverside
2017,92509,359,43.3,All Ages,Riverside
2017,92530,296,52.9,All Ages,Riverside
2017,92532,76,30,All Ages,Riverside
2017,92536,16,46.2,All Ages,Riverside
2017,92543,294,91.5,All Ages,Riverside
2017,92544,289,62.5,All Ages,Riverside
2017,92545,189,49.1,All Ages,Riverside
2017,92548,36,50.8,All Ages,Riverside
2017,92551,237,72.3,All Ages,Riverside
2017,92553,498,63.5,All Ages,Riverside
2017,92555,209,47.1,All Ages,Riverside
2017,92557,269,52.2,All Ages,Riverside
2017,92562,213,34.4,All Ages,Riverside
2017,92563,225,32.7,All Ages,Riverside
2017,92567,33,30.7,All Ages,Riverside
2017,92570,286,46.7,All Ages,Riverside
2017,92571,307,55.4,All Ages,Riverside
2017,92582,93,48.8,All Ages,Riverside
2017,92583,210,64.6,All Ages,Riverside
2017,92584,173,36.1,All Ages,Riverside
2017,92585,71,32,All Ages,Riverside
2017,92586,101,69.5,All Ages,Riverside
2017,92587,75,45.2,All Ages,Riverside
2017,92590,19,45.9,All Ages,Riverside
2017,92591,128,27.9,All Ages,Riverside
2017,92592,216,27.2,All Ages,Riverside
2017,92595,137,39.6,All Ages,Riverside
2017,92596,82,29.8,All Ages,Riverside
2017,92860,57,23.7,All Ages,Riverside
2017,92879,169,34.8,All Ages,Riverside
2017,92880,170,22.1,All Ages,Riverside
2017,92881,61,20.5,All Ages,Riverside
2017,92882,244,34.1,All Ages,Riverside
2017,92883,64,19.1,All Ages,Riverside
2016,91752,54,56.6,0-17,Riverside
2016,92201,141,75.8,0-17,Riverside
2016,92203,27,35.7,0-17,Riverside
2016,92220,120,167.2,0-17,Riverside
2016,92223,142,100.9,0-17,Riverside
2016,92225,62,125.7,0-17,Riverside
2016,92227,185,216.9,0-17,Imperial
2016,92231,85,73.3,0-17,Imperial
2016,92234,64,50.9,0-17,Riverside
2016,92236,89,56.4,0-17,Riverside
2016,92240,84,79.7,0-17,Riverside
2016,92243,215,151.4,0-17,Imperial
2016,92249,29,119.2,0-17,Imperial
2016,92250,31,142.3,0-17,Imperial
2016,92251,92,157.9,0-17,Imperial
2016,92253,36,48.6,0-17,Riverside
2016,92254,19,36.4,0-17,Riverside
2016,92260,17,37.3,0-17,Riverside
2016,92262,20,45.9,0-17,Riverside
2016,92274,30,41.4,0-17,Riverside
2016,92501,38,71,0-17,Riverside
2016,92503,172,67.3,0-17,Riverside
2016,92504,103,74.7,0-17,Riverside
2016,92505,103,78.7,0-17,Riverside
2016,92506,48,52.2,0-17,Riverside
2016,92507,114,91.9,0-17,Riverside
2016,92508,36,39.6,0-17,Riverside
2016,92509,146,63.5,0-17,Riverside
2016,92530,107,68.1,0-17,Riverside
2016,92532,28,40.7,0-17,Riverside
2016,92543,81,93.3,0-17,Riverside
2016,92544,95,82.9,0-17,Riverside
2016,92545,92,94.6,0-17,Riverside
2016,92551,103,94.6,0-17,Riverside
2016,92553,182,75.3,0-17,Riverside
2016,92555,94,91.2,0-17,Riverside
2016,92557,101,77.6,0-17,Riverside
2016,92562,64,40.9,0-17,Riverside
2016,92563,95,49.6,0-17,Riverside
2016,92567,13,48.3,0-17,Riverside
2016,92570,122,69.3,0-17,Riverside
2016,92571,127,68.2,0-17,Riverside
2016,92582,43,74,0-17,Riverside
2016,92583,93,106,0-17,Riverside
2016,92584,59,47.4,0-17,Riverside
2016,92585,35,61.2,0-17,Riverside
2016,92586,19,68.7,0-17,Riverside
2016,92587,24,56.4,0-17,Riverside
2016,92591,53,45,0-17,Riverside
2016,92592,91,43.5,0-17,Riverside
2016,92595,42,49.8,0-17,Riverside
2016,92596,45,50.9,0-17,Riverside
2016,92860,23,45.6,0-17,Riverside
2016,92879,62,47.4,0-17,Riverside
2016,92880,107,46.7,0-17,Riverside
2016,92881,28,34.1,0-17,Riverside
2016,92882,101,51.4,0-17,Riverside
2016,92883,27,31.4,0-17,Riverside
2016,91752,51,20.7,18+,Riverside
2016,92201,137,30.2,18+,Riverside
2016,92203,30,14.2,18+,Riverside
2016,92211,34,28.7,18+,Riverside
2016,92220,141,65.8,18+,Riverside
2016,92223,125,34.7,18+,Riverside
2016,92225,92,46.8,18+,Riverside
2016,92227,127,67.8,18+,Imperial
2016,92230,23,100,18+,Riverside
2016,92231,104,37.2,18+,Imperial
2016,92233,24,39.6,18+,Imperial
2016,92234,104,27,18+,Riverside
2016,92236,93,29.8,18+,Riverside
2016,92240,115,46.6,18+,Riverside
2016,92241,15,27,18+,Riverside
2016,92243,188,51.1,18+,Imperial
2016,92249,15,26.9,18+,Imperial
2016,92250,24,44.4,18+,Imperial
2016,92251,49,34,18+,Imperial
2016,92253,63,26.1,18+,Riverside
2016,92254,12,13.3,18+,Riverside
2016,92260,32,15.9,18+,Riverside
2016,92262,92,43.8,18+,Riverside
2016,92264,32,27.6,18+,Riverside
2016,92270,40,53.6,18+,Riverside
2016,92274,18,9.2,18+,Riverside
2016,92276,16,28.8,18+,Riverside
2016,92320,26,33.3,18+,Riverside
2016,92501,147,87.9,18+,Riverside
2016,92503,242,36.1,18+,Riverside
2016,92504,164,37.9,18+,Riverside
2016,92505,128,35.8,18+,Riverside
2016,92506,120,38,18+,Riverside
2016,92507,184,46.9,18+,Riverside
2016,92508,45,18.2,18+,Riverside
2016,92509,220,37.4,18+,Riverside
2016,92530,146,38.1,18+,Riverside
2016,92532,39,23.1,18+,Riverside
2016,92536,12,43.8,18+,Riverside
2016,92543,174,78.2,18+,Riverside
2016,92544,148,44.7,18+,Riverside
2016,92545,107,38,18+,Riverside
2016,92548,21,42.1,18+,Riverside
2016,92551,117,49.3,18+,Riverside
2016,92553,267,50.4,18+,Riverside
2016,92555,108,38.2,18+,Riverside
2016,92557,131,33.9,18+,Riverside
2016,92562,127,27.8,18+,Riverside
2016,92563,114,24.8,18+,Riverside
2016,92567,12,16.3,18+,Riverside
2016,92570,163,41.1,18+,Riverside
2016,92571,163,43.8,18+,Riverside
2016,92582,37,30.1,18+,Riverside
2016,92583,91,42.7,18+,Riverside
2016,92584,83,25.7,18+,Riverside
2016,92585,42,25.8,18+,Riverside
2016,92586,59,53.8,18+,Riverside
2016,92587,40,30.9,18+,Riverside
2016,92590,12,38.1,18+,Riverside
2016,92591,78,23.8,18+,Riverside
2016,92592,124,22,18+,Riverside
2016,92595,79,32.9,18+,Riverside
2016,92596,60,33.3,18+,Riverside
2016,92860,33,16.1,18+,Riverside
2016,92879,101,28.2,18+,Riverside
2016,92880,97,21.4,18+,Riverside
2016,92881,34,14.4,18+,Riverside
2016,92882,122,23.2,18+,Riverside
2016,92883,37,17.9,18+,Riverside
2016,91752,105,29.9,All Ages,Riverside
2016,92201,278,41.9,All Ages,Riverside
2016,92203,57,19.7,All Ages,Riverside
2016,92211,45,32.8,All Ages,Riverside
2016,92220,261,92,All Ages,Riverside
2016,92223,267,51.8,All Ages,Riverside
2016,92225,154,67.1,All Ages,Riverside
2016,92227,312,106.2,All Ages,Imperial
2016,92230,37,117.1,All Ages,Riverside
2016,92231,189,46.5,All Ages,Imperial
2016,92233,50,80.1,All Ages,Imperial
2016,92234,168,33.2,All Ages,Riverside
2016,92236,182,36.6,All Ages,Riverside
2016,92240,199,55.1,All Ages,Riverside
2016,92241,23,31.6,All Ages,Riverside
2016,92243,403,76.9,All Ages,Imperial
2016,92249,44,50.7,All Ages,Imperial
2016,92250,55,69.6,All Ages,Imperial
2016,92251,141,66,All Ages,Imperial
2016,92253,99,31.9,All Ages,Riverside
2016,92254,31,19.2,All Ages,Riverside
2016,92257,17,96.7,All Ages,Imperial
2016,92260,49,21.4,All Ages,Riverside
2016,92262,112,44.4,All Ages,Riverside
2016,92264,36,26.5,All Ages,Riverside
2016,92270,50,54.1,All Ages,Riverside
2016,92274,48,17.5,All Ages,Riverside
2016,92276,25,36,All Ages,Riverside
2016,92281,37,120.3,All Ages,Imperial
2016,92320,31,33.2,All Ages,Riverside
2016,92501,185,83.5,All Ages,Riverside
2016,92503,414,44.1,All Ages,Riverside
2016,92504,267,47.4,All Ages,Riverside
2016,92505,231,46.8,All Ages,Riverside
2016,92506,168,41.7,All Ages,Riverside
2016,92507,298,58.5,All Ages,Riverside
2016,92508,81,23.7,All Ages,Riverside
2016,92509,366,44.2,All Ages,Riverside
2016,92530,253,45.8,All Ages,Riverside
2016,92532,67,27.6,All Ages,Riverside
2016,92536,13,36.2,All Ages,Riverside
2016,92539,12,31.9,All Ages,Riverside
2016,92543,255,82.1,All Ages,Riverside
2016,92544,243,54.5,All Ages,Riverside
2016,92545,199,52.6,All Ages,Riverside
2016,92548,32,47.9,All Ages,Riverside
2016,92551,220,61,All Ages,Riverside
2016,92553,449,56.8,All Ages,Riverside
2016,92555,202,51.9,All Ages,Riverside
2016,92557,232,45.1,All Ages,Riverside
2016,92562,191,31.2,All Ages,Riverside
2016,92563,209,31.2,All Ages,Riverside
2016,92567,25,24.5,All Ages,Riverside
2016,92570,285,48.4,All Ages,Riverside
2016,92571,290,50.1,All Ages,Riverside
2016,92582,80,41.4,All Ages,Riverside
2016,92583,184,59,All Ages,Riverside
2016,92584,142,31.3,All Ages,Riverside
2016,92585,77,34.9,All Ages,Riverside
2016,92586,78,57.6,All Ages,Riverside
2016,92587,64,37.5,All Ages,Riverside
2016,92590,16,38.2,All Ages,Riverside
2016,92591,131,29.3,All Ages,Riverside
2016,92592,215,27.6,All Ages,Riverside
2016,92595,121,37.2,All Ages,Riverside
2016,92596,105,37.8,All Ages,Riverside
2016,92860,56,23.7,All Ages,Riverside
2016,92879,163,33.2,All Ages,Riverside
2016,92880,204,27.9,All Ages,Riverside
2016,92881,62,19.5,All Ages,Riverside
2016,92882,223,30.5,All Ages,Riverside
2016,92883,64,21.4,All Ages,Riverside
2015,91752,51,57.5,0-17,Riverside
2015,92201,150,80.7,0-17,Riverside
2015,92203,22,29.1,0-17,Riverside
2015,92220,71,103.1,0-17,Riverside
2015,92223,109,78.2,0-17,Riverside
2015,92225,57,115,0-17,Riverside
2015,92227,173,206.1,0-17,Imperial
2015,92231,120,106.8,0-17,Imperial
2015,92234,74,59.9,0-17,Riverside
2015,92236,123,79.8,0-17,Riverside
2015,92240,92,88.7,0-17,Riverside
2015,92243,221,158.1,0-17,Imperial
2015,92249,25,109,0-17,Imperial
2015,92250,26,122.9,0-17,Imperial
2015,92251,87,154.8,0-17,Imperial
2015,92253,39,52.5,0-17,Riverside
2015,92254,32,61.4,0-17,Riverside
2015,92260,23,50.6,0-17,Riverside
2015,92262,25,58.1,0-17,Riverside
2015,92274,37,49,0-17,Riverside
2015,92501,51,100.5,0-17,Riverside
2015,92503,189,74.9,0-17,Riverside
2015,92504,103,76,0-17,Riverside
2015,92505,119,91.9,0-17,Riverside
2015,92506,44,49.4,0-17,Riverside
2015,92507,135,111.2,0-17,Riverside
2015,92508,29,31.2,0-17,Riverside
2015,92509,185,81.1,0-17,Riverside
2015,92530,101,57,0-17,Riverside
2015,92532,38,147.6,0-17,Riverside
2015,92543,78,92.4,0-17,Riverside
2015,92544,102,87,0-17,Riverside
2015,92545,71,73,0-17,Riverside
2015,92548,12,60.6,0-17,Riverside
2015,92551,82,82,0-17,Riverside
2015,92553,191,80.6,0-17,Riverside
2015,92555,85,85.2,0-17,Riverside
2015,92557,106,74,0-17,Riverside
2015,92562,77,48.8,0-17,Riverside
2015,92563,73,39,0-17,Riverside
2015,92570,93,54.7,0-17,Riverside
2015,92571,111,59.5,0-17,Riverside
2015,92582,60,109.2,0-17,Riverside
2015,92583,102,118.3,0-17,Riverside
2015,92584,54,45.2,0-17,Riverside
2015,92585,35,67.1,0-17,Riverside
2015,92586,16,62.9,0-17,Riverside
2015,92587,24,35.5,0-17,Riverside
2015,92591,41,38.4,0-17,Riverside
2015,92592,85,39.4,0-17,Riverside
2015,92595,37,44.6,0-17,Riverside
2015,92596,43,49.9,0-17,Riverside
2015,92860,13,27.1,0-17,Riverside
2015,92879,73,56.9,0-17,Riverside
2015,92880,95,44.4,0-17,Riverside
2015,92881,32,38.6,0-17,Riverside
2015,92882,84,42.5,0-17,Riverside
2015,92883,27,30.9,0-17,Riverside
2015,91752,85,40.2,18+,Riverside
2015,92201,194,44.3,18+,Riverside
2015,92203,59,28.6,18+,Riverside
2015,92211,41,42.3,18+,Riverside
2015,92220,129,61.6,18+,Riverside
2015,92223,124,34.7,18+,Riverside
2015,92225,89,45.2,18+,Riverside
2015,92227,154,85,18+,Imperial
2015,92230,12,51.7,18+,Riverside
2015,92231,99,34.4,18+,Imperial
2015,92233,14,28.6,18+,Imperial
2015,92234,113,32,18+,Riverside
2015,92236,145,59,18+,Riverside
2015,92240,143,58,18+,Riverside
2015,92241,15,23.3,18+,Riverside
2015,92243,244,66.5,18+,Imperial
2015,92249,16,31.6,18+,Imperial
2015,92250,21,44.3,18+,Imperial
2015,92251,62,47.4,18+,Imperial
2015,92253,65,23.4,18+,Riverside
2015,92257,16,84.8,18+,Imperial
2015,92260,28,13.7,18+,Riverside
2015,92262,94,49.4,18+,Riverside
2015,92264,34,32,18+,Riverside
2015,92270,19,13.4,18+,Riverside
2015,92274,31,17.5,18+,Riverside
2015,92320,25,37,18+,Riverside
2015,92501,137,87.3,18+,Riverside
2015,92503,258,39.6,18+,Riverside
2015,92504,208,49.5,18+,Riverside
2015,92505,152,43.5,18+,Riverside
2015,92506,101,30.9,18+,Riverside
2015,92507,207,55.3,18+,Riverside
2015,92508,46,18.7,18+,Riverside
2015,92509,231,40.5,18+,Riverside
2015,92530,182,41.6,18+,Riverside
2015,92532,61,98.5,18+,Riverside
2015,92543,231,107.1,18+,Riverside
2015,92544,144,41.7,18+,Riverside
2015,92545,138,48.3,18+,Riverside
2015,92548,34,56.4,18+,Riverside
2015,92551,114,50.8,18+,Riverside
2015,92553,299,58.7,18+,Riverside
2015,92555,109,44.8,18+,Riverside
2015,92557,123,28,18+,Riverside
2015,92562,119,24.9,18+,Riverside
2015,92563,127,28.1,18+,Riverside
2015,92567,20,31.1,18+,Riverside
2015,92570,176,44.1,18+,Riverside
2015,92571,141,37.6,18+,Riverside
2015,92582,35,30.2,18+,Riverside
2015,92583,104,48.6,18+,Riverside
2015,92584,124,39.6,18+,Riverside
2015,92585,37,27.5,18+,Riverside
2015,92586,74,62.3,18+,Riverside
2015,92587,30,15.3,18+,Riverside
2015,92591,96,31.4,18+,Riverside
2015,92592,111,19.9,18+,Riverside
2015,92595,77,33,18+,Riverside
2015,92596,49,26.7,18+,Riverside
2015,92860,49,21.4,18+,Riverside
2015,92879,128,36.2,18+,Riverside
2015,92880,112,28.1,18+,Riverside
2015,92881,39,18.4,18+,Riverside
2015,92882,136,27.4,18+,Riverside
2015,92883,44,20.2,18+,Riverside
2015,91752,136,44.6,All Ages,Riverside
2015,92201,344,53.7,All Ages,Riverside
2015,92203,81,28.8,All Ages,Riverside
2015,92211,46,37,All Ages,Riverside
2015,92220,200,72.3,All Ages,Riverside
2015,92223,233,45.9,All Ages,Riverside
2015,92225,146,63.2,All Ages,Riverside
2015,92227,327,116.2,All Ages,Imperial
2015,92230,17,54.6,All Ages,Riverside
2015,92231,219,53.1,All Ages,Imperial
2015,92233,53,98.1,All Ages,Imperial
2015,92234,187,39.2,All Ages,Riverside
2015,92236,268,64.4,All Ages,Riverside
2015,92240,235,65.9,All Ages,Riverside
2015,92241,25,31.5,All Ages,Riverside
2015,92243,465,90.1,All Ages,Imperial
2015,92249,41,51.5,All Ages,Imperial
2015,92250,47,64.5,All Ages,Imperial
2015,92251,149,75.1,All Ages,Imperial
2015,92253,104,30.9,All Ages,Riverside
2015,92254,42,24.1,All Ages,Riverside
2015,92257,20,94,All Ages,Imperial
2015,92260,51,23.2,All Ages,Riverside
2015,92262,119,51.6,All Ages,Riverside
2015,92264,45,41.5,All Ages,Riverside
2015,92270,30,22.6,All Ages,Riverside
2015,92274,68,25.6,All Ages,Riverside
2015,92276,18,28,All Ages,Riverside
2015,92281,33,107.7,All Ages,Imperial
2015,92320,28,32.7,All Ages,Riverside
2015,92501,188,90.7,All Ages,Riverside
2015,92503,447,48.7,All Ages,Riverside
2015,92504,311,56.4,All Ages,Riverside
2015,92505,271,56,All Ages,Riverside
2015,92506,145,35.7,All Ages,Riverside
2015,92507,342,69.7,All Ages,Riverside
2015,92508,75,21.9,All Ages,Riverside
2015,92509,416,51,All Ages,Riverside
2015,92530,283,45.6,All Ages,Riverside
2015,92532,99,111.2,All Ages,Riverside
2015,92539,14,28.7,All Ages,Riverside
2015,92543,309,103.3,All Ages,Riverside
2015,92544,246,53.4,All Ages,Riverside
2015,92545,209,54.7,All Ages,Riverside
2015,92548,46,57.5,All Ages,Riverside
2015,92551,196,58.9,All Ages,Riverside
2015,92553,490,64.3,All Ages,Riverside
2015,92555,194,55.2,All Ages,Riverside
2015,92557,229,39.9,All Ages,Riverside
2015,92562,196,31.1,All Ages,Riverside
2015,92563,200,30.9,All Ages,Riverside
2015,92567,31,33.8,All Ages,Riverside
2015,92570,269,46.8,All Ages,Riverside
2015,92571,252,43.3,All Ages,Riverside
2015,92582,95,50.5,All Ages,Riverside
2015,92583,206,66.6,All Ages,Riverside
2015,92584,178,41,All Ages,Riverside
2015,92585,72,37.7,All Ages,Riverside
2015,92586,90,62.5,All Ages,Riverside
2015,92587,54,20.5,All Ages,Riverside
2015,92591,137,33.2,All Ages,Riverside
2015,92592,196,24.9,All Ages,Riverside
2015,92595,114,36,All Ages,Riverside
2015,92596,92,32.7,All Ages,Riverside
2015,92860,62,22.9,All Ages,Riverside
2015,92879,201,41.5,All Ages,Riverside
2015,92880,207,32.3,All Ages,Riverside
2015,92881,71,23.6,All Ages,Riverside
2015,92882,220,31.3,All Ages,Riverside
2015,92883,71,22.9,All Ages,Riverside
2014,91752,70,77.7,0-17,Riverside
2014,92201,148,79.2,0-17,Riverside
2014,92203,31,42.4,0-17,Riverside
2014,92220,81,113.8,0-17,Riverside
2014,92223,99,74.4,0-17,Riverside
2014,92225,59,118.3,0-17,Riverside
2014,92227,188,212.8,0-17,Imperial
2014,92231,117,102.2,0-17,Imperial
2014,92234,55,43.3,0-17,Riverside
2014,92236,123,79.7,0-17,Riverside
2014,92240,80,76,0-17,Riverside
2014,92241,12,60.1,0-17,Riverside
2014,92243,260,184.4,0-17,Imperial
2014,92249,32,135.2,0-17,Imperial
2014,92250,41,187.8,0-17,Imperial
2014,92251,72,125.5,0-17,Imperial
2014,92253,52,66.3,0-17,Riverside
2014,92254,22,42.8,0-17,Riverside
2014,92260,24,52.6,0-17,Riverside
2014,92262,28,63.5,0-17,Riverside
2014,92264,14,83,0-17,Riverside
2014,92274,46,60.6,0-17,Riverside
2014,92501,64,121.9,0-17,Riverside
2014,92503,171,68.3,0-17,Riverside
2014,92504,95,69.6,0-17,Riverside
2014,92505,124,92.7,0-17,Riverside
2014,92506,56,61.2,0-17,Riverside
2014,92507,142,114.7,0-17,Riverside
2014,92508,30,30.9,0-17,Riverside
2014,92509,165,73.5,0-17,Riverside
2014,92530,90,58.8,0-17,Riverside
2014,92532,27,42.9,0-17,Riverside
2014,92543,73,85.9,0-17,Riverside
2014,92544,101,84.5,0-17,Riverside
2014,92545,65,67,0-17,Riverside
2014,92551,101,99.6,0-17,Riverside
2014,92553,226,94,0-17,Riverside
2014,92555,98,87.7,0-17,Riverside
2014,92557,87,66.4,0-17,Riverside
2014,92562,71,44.8,0-17,Riverside
2014,92563,62,33.3,0-17,Riverside
2014,92570,142,83.9,0-17,Riverside
2014,92571,109,57.4,0-17,Riverside
2014,92582,50,88.9,0-17,Riverside
2014,92583,99,115.3,0-17,Riverside
2014,92584,49,40.5,0-17,Riverside
2014,92585,32,57.6,0-17,Riverside
2014,92586,13,48.2,0-17,Riverside
2014,92587,19,43.8,0-17,Riverside
2014,92591,44,41.3,0-17,Riverside
2014,92592,67,31.1,0-17,Riverside
2014,92595,35,44.2,0-17,Riverside
2014,92596,27,32,0-17,Riverside
2014,92860,26,50.8,0-17,Riverside
2014,92879,72,55.4,0-17,Riverside
2014,92880,110,51.4,0-17,Riverside
2014,92881,27,30.1,0-17,Riverside
2014,92882,94,48.4,0-17,Riverside
2014,92883,27,34,0-17,Riverside
2014,91752,74,35.8,18+,Riverside
2014,92201,188,42.8,18+,Riverside
2014,92203,39,17.7,18+,Riverside
2014,92211,30,14.7,18+,Riverside
2014,92220,139,60.6,18+,Riverside
2014,92223,124,36.6,18+,Riverside
2014,92225,63,32.5,18+,Riverside
2014,92227,160,90.7,18+,Imperial
2014,92230,30,147,18+,Riverside
2014,92231,117,39.9,18+,Imperial
2014,92233,18,35.4,18+,Imperial
2014,92234,111,30.6,18+,Riverside
2014,92236,103,37.6,18+,Riverside
2014,92240,127,52,18+,Riverside
2014,92241,14,14.3,18+,Riverside
2014,92243,289,78.2,18+,Imperial
2014,92249,17,34.5,18+,Imperial
2014,92250,24,44.9,18+,Imperial
2014,92251,65,43.2,18+,Imperial
2014,92253,54,19.8,18+,Riverside
2014,92254,17,21,18+,Riverside
2014,92257,18,83.8,18+,Imperial
2014,92260,34,14.4,18+,Riverside
2014,92262,83,39.7,18+,Riverside
2014,92264,38,29.9,18+,Riverside
2014,92270,20,16.2,18+,Riverside
2014,92274,39,23.4,18+,Riverside
2014,92276,15,28.7,18+,Riverside
2014,92320,26,43.5,18+,Riverside
2014,92501,130,81.9,18+,Riverside
2014,92503,240,38.1,18+,Riverside
2014,92504,214,51.8,18+,Riverside
2014,92505,121,32.7,18+,Riverside
2014,92506,86,27.7,18+,Riverside
2014,92507,193,51.8,18+,Riverside
2014,92508,50,18.3,18+,Riverside
2014,92509,223,41.2,18+,Riverside
2014,92530,142,38.8,18+,Riverside
2014,92532,49,32.5,18+,Riverside
2014,92536,14,43.6,18+,Riverside
2014,92543,199,94.6,18+,Riverside
2014,92544,145,42.5,18+,Riverside
2014,92545,120,43.3,18+,Riverside
2014,92548,32,50.3,18+,Riverside
2014,92551,82,36,18+,Riverside
2014,92553,315,62.2,18+,Riverside
2014,92555,113,38.8,18+,Riverside
2014,92557,122,34.1,18+,Riverside
2014,92562,79,17,18+,Riverside
2014,92563,100,22.2,18+,Riverside
2014,92567,16,24.9,18+,Riverside
2014,92570,143,37.6,18+,Riverside
2014,92571,145,40.6,18+,Riverside
2014,92582,33,27.1,18+,Riverside
2014,92583,101,47.7,18+,Riverside
2014,92584,98,32.1,18+,Riverside
2014,92585,37,25.9,18+,Riverside
2014,92586,61,50.4,18+,Riverside
2014,92587,42,32.1,18+,Riverside
2014,92591,88,30,18+,Riverside
2014,92592,85,16.4,18+,Riverside
2014,92595,70,30.2,18+,Riverside
2014,92596,23,17.8,18+,Riverside
2014,92860,65,29.3,18+,Riverside
2014,92879,117,34.5,18+,Riverside
2014,92880,93,20.3,18+,Riverside
2014,92881,31,13.7,18+,Riverside
2014,92882,129,27.7,18+,Riverside
2014,92883,46,23.3,18+,Riverside
2014,91752,144,46.6,All Ages,Riverside
2014,92201,336,52.2,All Ages,Riverside
2014,92203,70,24,All Ages,Riverside
2014,92211,40,21.5,All Ages,Riverside
2014,92220,220,74.3,All Ages,Riverside
2014,92223,223,46.4,All Ages,Riverside
2014,92225,122,54.6,All Ages,Riverside
2014,92227,348,122.2,All Ages,Imperial
2014,92230,43,150.7,All Ages,Riverside
2014,92231,234,55.9,All Ages,Imperial
2014,92233,38,62.1,All Ages,Imperial
2014,92234,166,33.8,All Ages,Riverside
2014,92236,226,48.5,All Ages,Riverside
2014,92240,207,58.2,All Ages,Riverside
2014,92241,26,26.1,All Ages,Riverside
2014,92243,549,105.6,All Ages,Imperial
2014,92249,49,60.5,All Ages,Imperial
2014,92250,65,81.7,All Ages,Imperial
2014,92251,137,64.4,All Ages,Imperial
2014,92253,106,31.8,All Ages,Riverside
2014,92254,39,26.6,All Ages,Riverside
2014,92257,23,115.4,All Ages,Imperial
2014,92260,58,24.2,All Ages,Riverside
2014,92262,111,45.8,All Ages,Riverside
2014,92264,52,43.6,All Ages,Riverside
2014,92270,28,22.8,All Ages,Riverside
2014,92274,85,33,All Ages,Riverside
2014,92276,26,38.8,All Ages,Riverside
2014,92320,36,50.2,All Ages,Riverside
2014,92501,194,92.2,All Ages,Riverside
2014,92503,411,45.9,All Ages,Riverside
2014,92504,309,56.4,All Ages,Riverside
2014,92505,245,48.2,All Ages,Riverside
2014,92506,142,36.3,All Ages,Riverside
2014,92507,335,68,All Ages,Riverside
2014,92508,80,21.6,All Ages,Riverside
2014,92509,388,49.5,All Ages,Riverside
2014,92530,232,44,All Ages,Riverside
2014,92532,76,35.2,All Ages,Riverside
2014,92536,16,39.5,All Ages,Riverside
2014,92539,13,29.7,All Ages,Riverside
2014,92543,272,92.4,All Ages,Riverside
2014,92544,246,53.3,All Ages,Riverside
2014,92545,185,49.4,All Ages,Riverside
2014,92548,36,43.1,All Ages,Riverside
2014,92551,183,52.4,All Ages,Riverside
2014,92553,541,70.4,All Ages,Riverside
2014,92555,211,51.4,All Ages,Riverside
2014,92557,209,42.4,All Ages,Riverside
2014,92562,150,24.2,All Ages,Riverside
2014,92563,162,25,All Ages,Riverside
2014,92567,21,23.3,All Ages,Riverside
2014,92570,285,49.5,All Ages,Riverside
2014,92571,254,45,All Ages,Riverside
2014,92582,83,43,All Ages,Riverside
2014,92583,200,65.1,All Ages,Riverside
2014,92584,147,34.3,All Ages,Riverside
2014,92585,69,34,All Ages,Riverside
2014,92586,74,49.9,All Ages,Riverside
2014,92587,61,35.1,All Ages,Riverside
2014,92591,132,32.9,All Ages,Riverside
2014,92592,152,20.2,All Ages,Riverside
2014,92595,105,33.8,All Ages,Riverside
2014,92596,50,21.4,All Ages,Riverside
2014,92860,91,34.9,All Ages,Riverside
2014,92879,189,39.9,All Ages,Riverside
2014,92880,203,28.3,All Ages,Riverside
2014,92881,58,17.9,All Ages,Riverside
2014,92882,223,33,All Ages,Riverside
2014,92883,73,26,All Ages,Riverside
2013,91752,58,65.2,0-17,Riverside
2013,92201,174,92.4,0-17,Riverside
2013,92203,37,51.9,0-17,Riverside
2013,92211,21,87.6,0-17,Riverside
2013,92220,78,107.7,0-17,Riverside
2013,92223,99,78.7,0-17,Riverside
2013,92225,76,150.8,0-17,Riverside
2013,92227,177,195.4,0-17,Imperial
2013,92231,70,60.6,0-17,Imperial
2013,92234,67,51.1,0-17,Riverside
2013,92236,124,80.5,0-17,Riverside
2013,92240,100,94.1,0-17,Riverside
2013,92241,12,62.6,0-17,Riverside
2013,92243,249,174.8,0-17,Imperial
2013,92249,33,134.4,0-17,Imperial
2013,92250,32,134.2,0-17,Imperial
2013,92251,85,146.6,0-17,Imperial
2013,92253,25,31.8,0-17,Riverside
2013,92254,33,62.7,0-17,Riverside
2013,92260,26,55.9,0-17,Riverside
2013,92262,26,57.5,0-17,Riverside
2013,92264,14,84.9,0-17,Riverside
2013,92274,44,59,0-17,Riverside
2013,92501,66,121.8,0-17,Riverside
2013,92503,184,73.4,0-17,Riverside
2013,92504,124,90.1,0-17,Riverside
2013,92505,103,76,0-17,Riverside
2013,92506,48,50.9,0-17,Riverside
2013,92507,121,96.3,0-17,Riverside
2013,92508,26,26.1,0-17,Riverside
2013,92509,160,69.6,0-17,Riverside
2013,92530,49,31.3,0-17,Riverside
2013,92532,26,43.5,0-17,Riverside
2013,92543,71,81,0-17,Riverside
2013,92544,95,77.7,0-17,Riverside
2013,92545,57,59.4,0-17,Riverside
2013,92551,101,98,0-17,Riverside
2013,92553,197,80.8,0-17,Riverside
2013,92555,68,59.4,0-17,Riverside
2013,92557,109,81.3,0-17,Riverside
2013,92562,48,28.4,0-17,Riverside
2013,92563,55,30.4,0-17,Riverside
2013,92567,13,47.8,0-17,Riverside
2013,92570,109,63.5,0-17,Riverside
2013,92571,129,66.7,0-17,Riverside
2013,92582,33,62.3,0-17,Riverside
2013,92583,78,88.2,0-17,Riverside
2013,92584,51,42.1,0-17,Riverside
2013,92585,38,68.3,0-17,Riverside
2013,92586,13,47.4,0-17,Riverside
2013,92587,19,43.4,0-17,Riverside
2013,92591,38,35.8,0-17,Riverside
2013,92592,70,31.8,0-17,Riverside
2013,92595,32,40.4,0-17,Riverside
2013,92596,25,30.5,0-17,Riverside
2013,92879,69,51.9,0-17,Riverside
2013,92880,97,47.3,0-17,Riverside
2013,92881,40,43.9,0-17,Riverside
2013,92882,88,44.4,0-17,Riverside
2013,92883,26,33.1,0-17,Riverside
2013,91752,71,30,18+,Riverside
2013,92201,179,39.4,18+,Riverside
2013,92203,36,18.9,18+,Riverside
2013,92211,40,23.6,18+,Riverside
2013,92220,139,65.1,18+,Riverside
2013,92223,143,44.8,18+,Riverside
2013,92225,100,50.3,18+,Riverside
2013,92227,149,82.7,18+,Imperial
2013,92230,19,97.5,18+,Riverside
2013,92231,77,26.2,18+,Imperial
2013,92233,15,26.2,18+,Imperial
2013,92234,96,24.2,18+,Riverside
2013,92236,100,39.8,18+,Riverside
2013,92240,107,41.7,18+,Riverside
2013,92241,16,18.6,18+,Riverside
2013,92243,222,62,18+,Imperial
2013,92250,18,28.5,18+,Imperial
2013,92251,48,26.5,18+,Imperial
2013,92253,52,19.4,18+,Riverside
2013,92254,23,34.9,18+,Riverside
2013,92257,12,96.6,18+,Imperial
2013,92260,52,22.1,18+,Riverside
2013,92262,93,49,18+,Riverside
2013,92264,47,41.6,18+,Riverside
2013,92270,23,13.2,18+,Riverside
2013,92274,43,26.3,18+,Riverside
2013,92276,17,25.5,18+,Riverside
2013,92320,20,29.6,18+,Riverside
2013,92501,115,71.5,18+,Riverside
2013,92503,241,39.4,18+,Riverside
2013,92504,174,41.3,18+,Riverside
2013,92505,127,35.4,18+,Riverside
2013,92506,99,31.7,18+,Riverside
2013,92507,175,44.7,18+,Riverside
2013,92508,56,22.9,18+,Riverside
2013,92509,178,31.2,18+,Riverside
2013,92530,137,37.2,18+,Riverside
2013,92532,35,26.1,18+,Riverside
2013,92539,14,33.7,18+,Riverside
2013,92543,168,76,18+,Riverside
2013,92544,141,38.8,18+,Riverside
2013,92545,124,45.4,18+,Riverside
2013,92548,29,55.4,18+,Riverside
2013,92551,83,34.8,18+,Riverside
2013,92553,282,54,18+,Riverside
2013,92555,113,40.9,18+,Riverside
2013,92557,102,27.2,18+,Riverside
2013,92562,113,24.7,18+,Riverside
2013,92563,96,22.1,18+,Riverside
2013,92567,13,20.7,18+,Riverside
2013,92570,160,42.6,18+,Riverside
2013,92571,117,34.9,18+,Riverside
2013,92582,36,32.2,18+,Riverside
2013,92583,94,42.5,18+,Riverside
2013,92584,95,31.3,18+,Riverside
2013,92585,27,18.7,18+,Riverside
2013,92586,73,52.7,18+,Riverside
2013,92587,44,35,18+,Riverside
2013,92591,68,24,18+,Riverside
2013,92592,108,19.5,18+,Riverside
2013,92595,64,27.3,18+,Riverside
2013,92596,26,19.6,18+,Riverside
2013,92860,66,30,18+,Riverside
2013,92879,122,36.5,18+,Riverside
2013,92880,88,21.6,18+,Riverside
2013,92881,43,17.1,18+,Riverside
2013,92882,134,28,18+,Riverside
2013,92883,44,20.8,18+,Riverside
2013,91752,129,39,All Ages,Riverside
2013,92201,353,53.1,All Ages,Riverside
2013,92203,73,27.4,All Ages,Riverside
2013,92211,61,40.1,All Ages,Riverside
2013,92220,217,76.1,All Ages,Riverside
2013,92223,242,53.6,All Ages,Riverside
2013,92225,176,76.2,All Ages,Riverside
2013,92227,326,111.7,All Ages,Imperial
2013,92230,37,134.7,All Ages,Riverside
2013,92231,147,35.1,All Ages,Imperial
2013,92233,41,65.3,All Ages,Imperial
2013,92234,163,31.1,All Ages,Riverside
2013,92236,224,50.3,All Ages,Riverside
2013,92240,207,55.2,All Ages,Riverside
2013,92241,28,30,All Ages,Riverside
2013,92243,471,91.1,All Ages,Imperial
2013,92249,43,49.8,All Ages,Imperial
2013,92250,50,55.7,All Ages,Imperial
2013,92251,133,57.4,All Ages,Imperial
2013,92253,77,22.6,All Ages,Riverside
2013,92254,56,42.1,All Ages,Riverside
2013,92257,21,165.4,All Ages,Imperial
2013,92260,78,30.8,All Ages,Riverside
2013,92262,119,51.2,All Ages,Riverside
2013,92264,61,52.7,All Ages,Riverside
2013,92270,32,22,All Ages,Riverside
2013,92274,87,34.7,All Ages,Riverside
2013,92276,25,31.7,All Ages,Riverside
2013,92320,37,55.5,All Ages,Riverside
2013,92501,181,84.5,All Ages,Riverside
2013,92503,425,48.1,All Ages,Riverside
2013,92504,298,53.9,All Ages,Riverside
2013,92505,230,45.9,All Ages,Riverside
2013,92506,147,36.6,All Ages,Riverside
2013,92507,296,58,All Ages,Riverside
2013,92508,82,23.7,All Ages,Riverside
2013,92509,338,41.1,All Ages,Riverside
2013,92530,186,35.6,All Ages,Riverside
2013,92532,61,30.6,All Ages,Riverside
2013,92539,19,37.2,All Ages,Riverside
2013,92543,239,77.2,All Ages,Riverside
2013,92544,236,48.8,All Ages,Riverside
2013,92545,181,49,All Ages,Riverside
2013,92548,40,56.6,All Ages,Riverside
2013,92551,184,51.1,All Ages,Riverside
2013,92553,479,60.9,All Ages,Riverside
2013,92555,181,45.6,All Ages,Riverside
2013,92557,211,41.1,All Ages,Riverside
2013,92562,161,25.6,All Ages,Riverside
2013,92563,151,24.2,All Ages,Riverside
2013,92567,26,27.7,All Ages,Riverside
2013,92570,269,48,All Ages,Riverside
2013,92571,246,43.1,All Ages,Riverside
2013,92582,69,39.9,All Ages,Riverside
2013,92583,172,54.3,All Ages,Riverside
2013,92584,146,34.1,All Ages,Riverside
2013,92585,65,31.5,All Ages,Riverside
2013,92586,86,51.3,All Ages,Riverside
2013,92587,63,37.1,All Ages,Riverside
2013,92591,106,27.1,All Ages,Riverside
2013,92592,178,22.7,All Ages,Riverside
2013,92595,96,30.7,All Ages,Riverside
2013,92596,51,22.4,All Ages,Riverside
2013,92860,76,27,All Ages,Riverside
2013,92879,191,40.5,All Ages,Riverside
2013,92880,185,28.2,All Ages,Riverside
2013,92881,83,24,All Ages,Riverside
2013,92882,222,32.2,All Ages,Riverside
2013,92883,70,24,All Ages,Riverside
