COUNTY,YEAR,STRATA,STRATA_NAME,AGE_GROUP,NUMBER_OF_EDVISITS,AGE-ADJUSTED_EDVISIT_RATE,COMMENT
Imperial,2015,Total population,All ages,All ages,1388,71.2,
Imperial,2015,Child vs. adult,0 to 17 years,0 to 17 years,737,140.1,
Imperial,2015,Child vs. adult,18+ years,18+ years,651,47.2,
Imperial,2015,Age groups,0 to 4 years,0 to 4 years,161,100.9,
Imperial,2015,Age groups,5 to 17 years,5 to 17 years,576,154.5,
Imperial,2015,Age groups,18 to 64 years,18 to 64 years,534,46.3,
Imperial,2015,Age groups,65+ years,65+ years,117,51.7,
Imperial,2015,Race/ethnicity,White,All ages,174,73.8,
Imperial,2015,Race/ethnicity,Black,All ages,48,119.3,
Imperial,2015,Race/ethnicity,Hispanic,All ages,1139,70.4,
Imperial,2015,Race/ethnicity,Asian/PI,All ages,,,Count and rate suppressed in accordance with data de-identification guidelines
Imperial,2015,Race/ethnicity,AI/AN,All ages,0,0,
Imperial,2016,Total population,All ages,All ages,1287,66.3,
Imperial,2016,Child vs. adult,0 to 17 years,0 to 17 years,718,133,
Imperial,2016,Child vs. adult,18+ years,18+ years,569,43.1,
Imperial,2016,Age groups,0 to 4 years,0 to 4 years,177,105.6,
Imperial,2016,Age groups,5 to 17 years,5 to 17 years,541,143,
Imperial,2016,Age groups,18 to 64 years,18 to 64 years,485,44.1,
Imperial,2016,Age groups,65+ years,65+ years,84,38.3,
Imperial,2016,Race/ethnicity,White,All ages,120,62.2,
Imperial,2016,Race/ethnicity,Black,All ages,33,119.6,
Imperial,2016,Race/ethnicity,Hispanic,All ages,1103,66.9,
Imperial,2016,Race/ethnicity,Asian/PI,All ages,,,Count and rate suppressed in accordance with data de-identification guidelines
Imperial,2016,Race/ethnicity,AI/AN,All ages,,,Count and rate suppressed in accordance with data de-identification guidelines
Imperial,2017,Total population,All ages,All ages,1291,65.7,
Imperial,2017,Child vs. adult,0 to 17 years,0 to 17 years,691,126.8,
Imperial,2017,Child vs. adult,18+ years,18+ years,600,44.5,
Imperial,2017,Age groups,0 to 4 years,0 to 4 years,145,87.8,
Imperial,2017,Age groups,5 to 17 years,5 to 17 years,546,141.1,
Imperial,2017,Age groups,18 to 64 years,18 to 64 years,513,46.2,
Imperial,2017,Age groups,65+ years,65+ years,87,36.5,
Imperial,2017,Race/ethnicity,White,All ages,123,70.3,
Imperial,2017,Race/ethnicity,Black,All ages,31,145.4,
Imperial,2017,Race/ethnicity,Hispanic,All ages,1129,66,
Imperial,2017,Race/ethnicity,Asian/PI,All ages,,,Count and rate suppressed in accordance with data de-identification guidelines
Imperial,2017,Race/ethnicity,AI/AN,All ages,0,0,
Imperial,2018,Total population,All ages,All ages,1147,58.1,
Imperial,2018,Child vs. adult,0 to 17 years,0 to 17 years,597,108.5,
Imperial,2018,Child vs. adult,18+ years,18+ years,550,40.6,
Imperial,2018,Age groups,0 to 4 years,0 to 4 years,121,73.9,
Imperial,2018,Age groups,5 to 17 years,5 to 17 years,476,121.2,
Imperial,2018,Age groups,18 to 64 years,18 to 64 years,481,43.1,
Imperial,2018,Age groups,65+ years,65+ years,69,28.6,
Imperial,2018,Race/ethnicity,White,All ages,112,62.9,
Imperial,2018,Race/ethnicity,Black,All ages,22,79.7,
Imperial,2018,Race/ethnicity,Hispanic,All ages,995,57.9,
Imperial,2018,Race/ethnicity,Asian/PI,All ages,,,Count and rate suppressed in accordance with data de-identification guidelines
Imperial,2018,Race/ethnicity,AI/AN,All ages,0,0,
Riverside,2015,Total population,All ages,All ages,10111,43.2,
Riverside,2015,Child vs. adult,0 to 17 years,0 to 17 years,3917,64.9,
Riverside,2015,Child vs. adult,18+ years,18+ years,6194,35.7,
Riverside,2015,Age groups,0 to 4 years,0 to 4 years,1143,71.2,
Riverside,2015,Age groups,5 to 17 years,5 to 17 years,2774,62.6,
Riverside,2015,Age groups,18 to 64 years,18 to 64 years,5451,38,
Riverside,2015,Age groups,65+ years,65+ years,743,24.5,
Riverside,2015,Race/ethnicity,White,All ages,3279,40.7,
Riverside,2015,Race/ethnicity,Black,All ages,1996,139.5,
Riverside,2015,Race/ethnicity,Hispanic,All ages,4192,36.6,
Riverside,2015,Race/ethnicity,Asian/PI,All ages,182,13.5,
Riverside,2015,Race/ethnicity,AI/AN,All ages,44,40.2,
Riverside,2016,Total population,All ages,All ages,9596,41.5,
Riverside,2016,Child vs. adult,0 to 17 years,0 to 17 years,3951,66.5,
Riverside,2016,Child vs. adult,18+ years,18+ years,5645,32.7,
Riverside,2016,Age groups,0 to 4 years,0 to 4 years,1137,74.5,
Riverside,2016,Age groups,5 to 17 years,5 to 17 years,2814,63.6,
Riverside,2016,Age groups,18 to 64 years,18 to 64 years,5082,36,
Riverside,2016,Age groups,65+ years,65+ years,563,16.8,
Riverside,2016,Race/ethnicity,White,All ages,2934,39.8,
Riverside,2016,Race/ethnicity,Black,All ages,1976,147.6,
Riverside,2016,Race/ethnicity,Hispanic,All ages,4058,33.9,
Riverside,2016,Race/ethnicity,Asian/PI,All ages,215,16.6,
Riverside,2016,Race/ethnicity,AI/AN,All ages,33,36.5,
Riverside,2017,Total population,All ages,All ages,10076,43.2,
Riverside,2017,Child vs. adult,0 to 17 years,0 to 17 years,3931,66.1,
Riverside,2017,Child vs. adult,18+ years,18+ years,6145,35.3,
Riverside,2017,Age groups,0 to 4 years,0 to 4 years,1154,74.9,
Riverside,2017,Age groups,5 to 17 years,5 to 17 years,2777,62.9,
Riverside,2017,Age groups,18 to 64 years,18 to 64 years,5464,38.5,
Riverside,2017,Age groups,65+ years,65+ years,681,19.5,
Riverside,2017,Race/ethnicity,White,All ages,3021,41.1,
Riverside,2017,Race/ethnicity,Black,All ages,1969,141,
Riverside,2017,Race/ethnicity,Hispanic,All ages,4365,36.5,
Riverside,2017,Race/ethnicity,Asian/PI,All ages,249,18,
Riverside,2017,Race/ethnicity,AI/AN,All ages,45,42.8,
Riverside,2018,Total population,All ages,All ages,8935,37.9,
Riverside,2018,Child vs. adult,0 to 17 years,0 to 17 years,3309,55.6,
Riverside,2018,Child vs. adult,18+ years,18+ years,5626,31.7,
Riverside,2018,Age groups,0 to 4 years,0 to 4 years,954,61.3,
Riverside,2018,Age groups,5 to 17 years,5 to 17 years,2355,53.5,
Riverside,2018,Age groups,18 to 64 years,18 to 64 years,5058,35,
Riverside,2018,Age groups,65+ years,65+ years,568,15.7,
Riverside,2018,Race/ethnicity,White,All ages,2588,34.8,
Riverside,2018,Race/ethnicity,Black,All ages,1742,122.1,
Riverside,2018,Race/ethnicity,Hispanic,All ages,3932,32.4,
Riverside,2018,Race/ethnicity,Asian/PI,All ages,259,18.5,
Riverside,2018,Race/ethnicity,AI/AN,All ages,38,33.5,
