COUNTY,YEAR,STRATA,STRATA_NAME,AGE_GROUP,NUMBER_OF_HOSPITALIZATIONS,AGE-ADJUSTED_HOSPITALIZATION_RATE,COMMENT
Imperial,2015,Total population,All ages,All ages,173,8.7,
Imperial,2015,Child vs. adult,0 to 17 years,0 to 17 years,115,21.3,
Imperial,2015,Child vs. adult,18+ years,18+ years,58,4.3,
Imperial,2015,Age groups,0 to 4 years,0 to 4 years,45,28,
Imperial,2015,Age groups,5 to 17 years,5 to 17 years,70,18.8,
Imperial,2015,Age groups,18 to 64 years,18 to 64 years,34,3.1,
Imperial,2015,Age groups,65+ years,65+ years,24,10.4,
Imperial,2015,Race/ethnicity,White,All ages,17,5.4,
Imperial,2015,Race/ethnicity,Black,All ages,,,Count and rate suppressed in accordance with data de-identification guidelines
Imperial,2015,Race/ethnicity,Hispanic,All ages,146,8.8,
Imperial,2015,Race/ethnicity,Asian/PI,All ages,0,0,
Imperial,2015,Race/ethnicity,AI/AN,All ages,0,0,
Imperial,2016,Total population,All ages,All ages,129,6.4,
Imperial,2016,Child vs. adult,0 to 17 years,0 to 17 years,94,17,
Imperial,2016,Child vs. adult,18+ years,18+ years,35,2.7,
Imperial,2016,Age groups,0 to 4 years,0 to 4 years,37,22.4,
Imperial,2016,Age groups,5 to 17 years,5 to 17 years,57,15.1,
Imperial,2016,Age groups,18 to 64 years,18 to 64 years,21,2,
Imperial,2016,Age groups,65+ years,65+ years,14,6.4,
Imperial,2016,Race/ethnicity,White,All ages,,,Count and rate suppressed in accordance with data de-identification guidelines
Imperial,2016,Race/ethnicity,Black,All ages,,,Count and rate suppressed in accordance with data de-identification guidelines
Imperial,2016,Race/ethnicity,Hispanic,All ages,112,6.6,
Imperial,2016,Race/ethnicity,Asian/PI,All ages,,,Count and rate suppressed in accordance with data de-identification guidelines
Imperial,2016,Race/ethnicity,AI/AN,All ages,0,0,
Imperial,2017,Total population,All ages,All ages,112,5.4,
Imperial,2017,Child vs. adult,0 to 17 years,0 to 17 years,82,14.7,
Imperial,2017,Child vs. adult,18+ years,18+ years,30,2.2,
Imperial,2017,Age groups,0 to 4 years,0 to 4 years,29,17.6,
Imperial,2017,Age groups,5 to 17 years,5 to 17 years,53,13.6,
Imperial,2017,Age groups,18 to 64 years,18 to 64 years,20,1.8,
Imperial,2017,Age groups,65+ years,65+ years,,,Count and rate suppressed in accordance with data de-identification guidelines
Imperial,2017,Race/ethnicity,White,All ages,11,,Rate not available due to statistical instability
Imperial,2017,Race/ethnicity,Black,All ages,,,Count and rate suppressed in accordance with data de-identification guidelines
Imperial,2017,Race/ethnicity,Hispanic,All ages,98,5.3,
Imperial,2017,Race/ethnicity,Asian/PI,All ages,0,0,
Imperial,2017,Race/ethnicity,AI/AN,All ages,0,0,
Imperial,2018,Total population,All ages,All ages,112,5.8,
Imperial,2018,Child vs. adult,0 to 17 years,0 to 17 years,68,12.3,
Imperial,2018,Child vs. adult,18+ years,18+ years,44,3.6,
Imperial,2018,Age groups,0 to 4 years,0 to 4 years,19,11.7,
Imperial,2018,Age groups,5 to 17 years,5 to 17 years,49,12.5,
Imperial,2018,Age groups,18 to 64 years,18 to 64 years,39,3.9,
Imperial,2018,Age groups,65+ years,65+ years,,,Count and rate suppressed in accordance with data de-identification guidelines
Imperial,2018,Race/ethnicity,White,All ages,17,8,
Imperial,2018,Race/ethnicity,Black,All ages,,,Count and rate suppressed in accordance with data de-identification guidelines
Imperial,2018,Race/ethnicity,Hispanic,All ages,88,5.2,
Imperial,2018,Race/ethnicity,Asian/PI,All ages,,,Count and rate suppressed in accordance with data de-identification guidelines
Imperial,2018,Race/ethnicity,AI/AN,All ages,0,0,
Riverside,2015,Total population,All ages,All ages,1311,5.6,
Riverside,2015,Child vs. adult,0 to 17 years,0 to 17 years,437,7.3,
Riverside,2015,Child vs. adult,18+ years,18+ years,874,4.9,
Riverside,2015,Age groups,0 to 4 years,0 to 4 years,175,10.9,
Riverside,2015,Age groups,5 to 17 years,5 to 17 years,262,6,
Riverside,2015,Age groups,18 to 64 years,18 to 64 years,605,4.1,
Riverside,2015,Age groups,65+ years,65+ years,269,8.9,
Riverside,2015,Race/ethnicity,White,All ages,552,5.8,
Riverside,2015,Race/ethnicity,Black,All ages,234,16.5,
Riverside,2015,Race/ethnicity,Hispanic,All ages,432,4.3,
Riverside,2015,Race/ethnicity,Asian/PI,All ages,39,2.8,
Riverside,2015,Race/ethnicity,AI/AN,All ages,,,Count and rate suppressed in accordance with data de-identification guidelines
Riverside,2016,Total population,All ages,All ages,975,4.2,
Riverside,2016,Child vs. adult,0 to 17 years,0 to 17 years,500,8.5,
Riverside,2016,Child vs. adult,18+ years,18+ years,475,2.7,
Riverside,2016,Age groups,0 to 4 years,0 to 4 years,200,13.1,
Riverside,2016,Age groups,5 to 17 years,5 to 17 years,300,6.9,
Riverside,2016,Age groups,18 to 64 years,18 to 64 years,378,2.6,
Riverside,2016,Age groups,65+ years,65+ years,97,2.9,
Riverside,2016,Race/ethnicity,White,All ages,338,4.4,
Riverside,2016,Race/ethnicity,Black,All ages,162,12.7,
Riverside,2016,Race/ethnicity,Hispanic,All ages,409,3.5,
Riverside,2016,Race/ethnicity,Asian/PI,All ages,33,2.8,
Riverside,2016,Race/ethnicity,AI/AN,All ages,,,Count and rate suppressed in accordance with data de-identification guidelines
Riverside,2017,Total population,All ages,All ages,844,3.6,
Riverside,2017,Child vs. adult,0 to 17 years,0 to 17 years,389,6.6,
Riverside,2017,Child vs. adult,18+ years,18+ years,455,2.5,
Riverside,2017,Age groups,0 to 4 years,0 to 4 years,166,10.8,
Riverside,2017,Age groups,5 to 17 years,5 to 17 years,223,5.1,
Riverside,2017,Age groups,18 to 64 years,18 to 64 years,361,2.5,
Riverside,2017,Age groups,65+ years,65+ years,94,2.7,
Riverside,2017,Race/ethnicity,White,All ages,305,3.9,
Riverside,2017,Race/ethnicity,Black,All ages,126,9.3,
Riverside,2017,Race/ethnicity,Hispanic,All ages,324,2.8,
Riverside,2017,Race/ethnicity,Asian/PI,All ages,33,2.4,
Riverside,2017,Race/ethnicity,AI/AN,All ages,,,Count and rate suppressed in accordance with data de-identification guidelines
Riverside,2018,Total population,All ages,All ages,763,3.2,
Riverside,2018,Child vs. adult,0 to 17 years,0 to 17 years,379,6.4,
Riverside,2018,Child vs. adult,18+ years,18+ years,384,2.1,
Riverside,2018,Age groups,0 to 4 years,0 to 4 years,158,10.2,
Riverside,2018,Age groups,5 to 17 years,5 to 17 years,221,5.1,
Riverside,2018,Age groups,18 to 64 years,18 to 64 years,299,2,
Riverside,2018,Age groups,65+ years,65+ years,85,2.4,
Riverside,2018,Race/ethnicity,White,All ages,260,3.3,
Riverside,2018,Race/ethnicity,Black,All ages,99,7.3,
Riverside,2018,Race/ethnicity,Hispanic,All ages,346,2.9,
Riverside,2018,Race/ethnicity,Asian/PI,All ages,19,1.6,
Riverside,2018,Race/ethnicity,AI/AN,All ages,,,Count and rate suppressed in accordance with data de-identification guidelines
