COUNTY,YEAR,STRATA,STRATA_NAME,AGE_GROUP,NUMBER_OF_EDVISITS,AGE-ADJUSTED_EDVISIT_RATE,COMMENT_x,NUMBER_OF_HOSPITALIZATIONS,AGE-ADJUSTED_HOSPITALIZATION_RATE,COMMENT_y
Imperial,2015,Total population,All ages,All ages,1388.0,71.2,,173.0,8.7,
Imperial,2015,Child vs. adult,0 to 17 years,0 to 17 years,737.0,140.1,,115.0,21.3,
Imperial,2015,Child vs. adult,18+ years,18+ years,651.0,47.2,,58.0,4.3,
Imperial,2015,Age groups,0 to 4 years,0 to 4 years,161.0,100.9,,45.0,28.0,
Imperial,2015,Age groups,5 to 17 years,5 to 17 years,576.0,154.5,,70.0,18.8,
Imperial,2015,Age groups,18 to 64 years,18 to 64 years,534.0,46.3,,34.0,3.1,
Imperial,2015,Age groups,65+ years,65+ years,117.0,51.7,,24.0,10.4,
Imperial,2015,Race/ethnicity,White,All ages,174.0,73.8,,17.0,5.4,
Imperial,2015,Race/ethnicity,Black,All ages,48.0,119.3,,,,Count and rate suppressed in accordance with data de-identification guidelines
Imperial,2015,Race/ethnicity,Hispanic,All ages,1139.0,70.4,,146.0,8.8,
Imperial,2015,Race/ethnicity,Asian/PI,All ages,,,Count and rate suppressed in accordance with data de-identification guidelines,0.0,0.0,
Imperial,2015,Race/ethnicity,AI/AN,All ages,0.0,0.0,,0.0,0.0,
Imperial,2016,Total population,All ages,All ages,1287.0,66.3,,129.0,6.4,
Imperial,2016,Child vs. adult,0 to 17 years,0 to 17 years,718.0,133.0,,94.0,17.0,
Imperial,2016,Child vs. adult,18+ years,18+ years,569.0,43.1,,35.0,2.7,
Imperial,2016,Age groups,0 to 4 years,0 to 4 years,177.0,105.6,,37.0,22.4,
Imperial,2016,Age groups,5 to 17 years,5 to 17 years,541.0,143.0,,57.0,15.1,
Imperial,2016,Age groups,18 to 64 years,18 to 64 years,485.0,44.1,,21.0,2.0,
Imperial,2016,Age groups,65+ years,65+ years,84.0,38.3,,14.0,6.4,
Imperial,2016,Race/ethnicity,White,All ages,120.0,62.2,,,,Count and rate suppressed in accordance with data de-identification guidelines
Imperial,2016,Race/ethnicity,Black,All ages,33.0,119.6,,,,Count and rate suppressed in accordance with data de-identification guidelines
Imperial,2016,Race/ethnicity,Hispanic,All ages,1103.0,66.9,,112.0,6.6,
Imperial,2016,Race/ethnicity,Asian/PI,All ages,,,Count and rate suppressed in accordance with data de-identification guidelines,,,Count and rate suppressed in accordance with data de-identification guidelines
Imperial,2016,Race/ethnicity,AI/AN,All ages,,,Count and rate suppressed in accordance with data de-identification guidelines,0.0,0.0,
Imperial,2017,Total population,All ages,All ages,1291.0,65.7,,112.0,5.4,
Imperial,2017,Child vs. adult,0 to 17 years,0 to 17 years,691.0,126.8,,82.0,14.7,
Imperial,2017,Child vs. adult,18+ years,18+ years,600.0,44.5,,30.0,2.2,
Imperial,2017,Age groups,0 to 4 years,0 to 4 years,145.0,87.8,,29.0,17.6,
Imperial,2017,Age groups,5 to 17 years,5 to 17 years,546.0,141.1,,53.0,13.6,
Imperial,2017,Age groups,18 to 64 years,18 to 64 years,513.0,46.2,,20.0,1.8,
Imperial,2017,Age groups,65+ years,65+ years,87.0,36.5,,,,Count and rate suppressed in accordance with data de-identification guidelines
Imperial,2017,Race/ethnicity,White,All ages,123.0,70.3,,11.0,,Rate not available due to statistical instability
Imperial,2017,Race/ethnicity,Black,All ages,31.0,145.4,,,,Count and rate suppressed in accordance with data de-identification guidelines
Imperial,2017,Race/ethnicity,Hispanic,All ages,1129.0,66.0,,98.0,5.3,
Imperial,2017,Race/ethnicity,Asian/PI,All ages,,,Count and rate suppressed in accordance with data de-identification guidelines,0.0,0.0,
Imperial,2017,Race/ethnicity,AI/AN,All ages,0.0,0.0,,0.0,0.0,
Imperial,2018,Total population,All ages,All ages,1147.0,58.1,,112.0,5.8,
Imperial,2018,Child vs. adult,0 to 17 years,0 to 17 years,597.0,108.5,,68.0,12.3,
Imperial,2018,Child vs. adult,18+ years,18+ years,550.0,40.6,,44.0,3.6,
Imperial,2018,Age groups,0 to 4 years,0 to 4 years,121.0,73.9,,19.0,11.7,
Imperial,2018,Age groups,5 to 17 years,5 to 17 years,476.0,121.2,,49.0,12.5,
Imperial,2018,Age groups,18 to 64 years,18 to 64 years,481.0,43.1,,39.0,3.9,
Imperial,2018,Age groups,65+ years,65+ years,69.0,28.6,,,,Count and rate suppressed in accordance with data de-identification guidelines
Imperial,2018,Race/ethnicity,White,All ages,112.0,62.9,,17.0,8.0,
Imperial,2018,Race/ethnicity,Black,All ages,22.0,79.7,,,,Count and rate suppressed in accordance with data de-identification guidelines
Imperial,2018,Race/ethnicity,Hispanic,All ages,995.0,57.9,,88.0,5.2,
Imperial,2018,Race/ethnicity,Asian/PI,All ages,,,Count and rate suppressed in accordance with data de-identification guidelines,,,Count and rate suppressed in accordance with data de-identification guidelines
Imperial,2018,Race/ethnicity,AI/AN,All ages,0.0,0.0,,0.0,0.0,
Riverside,2015,Total population,All ages,All ages,10111.0,43.2,,1311.0,5.6,
Riverside,2015,Child vs. adult,0 to 17 years,0 to 17 years,3917.0,64.9,,437.0,7.3,
Riverside,2015,Child vs. adult,18+ years,18+ years,6194.0,35.7,,874.0,4.9,
Riverside,2015,Age groups,0 to 4 years,0 to 4 years,1143.0,71.2,,175.0,10.9,
Riverside,2015,Age groups,5 to 17 years,5 to 17 years,2774.0,62.6,,262.0,6.0,
Riverside,2015,Age groups,18 to 64 years,18 to 64 years,5451.0,38.0,,605.0,4.1,
Riverside,2015,Age groups,65+ years,65+ years,743.0,24.5,,269.0,8.9,
Riverside,2015,Race/ethnicity,White,All ages,3279.0,40.7,,552.0,5.8,
Riverside,2015,Race/ethnicity,Black,All ages,1996.0,139.5,,234.0,16.5,
Riverside,2015,Race/ethnicity,Hispanic,All ages,4192.0,36.6,,432.0,4.3,
Riverside,2015,Race/ethnicity,Asian/PI,All ages,182.0,13.5,,39.0,2.8,
Riverside,2015,Race/ethnicity,AI/AN,All ages,44.0,40.2,,,,Count and rate suppressed in accordance with data de-identification guidelines
Riverside,2016,Total population,All ages,All ages,9596.0,41.5,,975.0,4.2,
Riverside,2016,Child vs. adult,0 to 17 years,0 to 17 years,3951.0,66.5,,500.0,8.5,
Riverside,2016,Child vs. adult,18+ years,18+ years,5645.0,32.7,,475.0,2.7,
Riverside,2016,Age groups,0 to 4 years,0 to 4 years,1137.0,74.5,,200.0,13.1,
Riverside,2016,Age groups,5 to 17 years,5 to 17 years,2814.0,63.6,,300.0,6.9,
Riverside,2016,Age groups,18 to 64 years,18 to 64 years,5082.0,36.0,,378.0,2.6,
Riverside,2016,Age groups,65+ years,65+ years,563.0,16.8,,97.0,2.9,
Riverside,2016,Race/ethnicity,White,All ages,2934.0,39.8,,338.0,4.4,
Riverside,2016,Race/ethnicity,Black,All ages,1976.0,147.6,,162.0,12.7,
Riverside,2016,Race/ethnicity,Hispanic,All ages,4058.0,33.9,,409.0,3.5,
Riverside,2016,Race/ethnicity,Asian/PI,All ages,215.0,16.6,,33.0,2.8,
Riverside,2016,Race/ethnicity,AI/AN,All ages,33.0,36.5,,,,Count and rate suppressed in accordance with data de-identification guidelines
Riverside,2017,Total population,All ages,All ages,10076.0,43.2,,844.0,3.6,
Riverside,2017,Child vs. adult,0 to 17 years,0 to 17 years,3931.0,66.1,,389.0,6.6,
Riverside,2017,Child vs. adult,18+ years,18+ years,6145.0,35.3,,455.0,2.5,
Riverside,2017,Age groups,0 to 4 years,0 to 4 years,1154.0,74.9,,166.0,10.8,
Riverside,2017,Age groups,5 to 17 years,5 to 17 years,2777.0,62.9,,223.0,5.1,
Riverside,2017,Age groups,18 to 64 years,18 to 64 years,5464.0,38.5,,361.0,2.5,
Riverside,2017,Age groups,65+ years,65+ years,681.0,19.5,,94.0,2.7,
Riverside,2017,Race/ethnicity,White,All ages,3021.0,41.1,,305.0,3.9,
Riverside,2017,Race/ethnicity,Black,All ages,1969.0,141.0,,126.0,9.3,
Riverside,2017,Race/ethnicity,Hispanic,All ages,4365.0,36.5,,324.0,2.8,
Riverside,2017,Race/ethnicity,Asian/PI,All ages,249.0,18.0,,33.0,2.4,
Riverside,2017,Race/ethnicity,AI/AN,All ages,45.0,42.8,,,,Count and rate suppressed in accordance with data de-identification guidelines
Riverside,2018,Total population,All ages,All ages,8935.0,37.9,,763.0,3.2,
Riverside,2018,Child vs. adult,0 to 17 years,0 to 17 years,3309.0,55.6,,379.0,6.4,
Riverside,2018,Child vs. adult,18+ years,18+ years,5626.0,31.7,,384.0,2.1,
Riverside,2018,Age groups,0 to 4 years,0 to 4 years,954.0,61.3,,158.0,10.2,
Riverside,2018,Age groups,5 to 17 years,5 to 17 years,2355.0,53.5,,221.0,5.1,
Riverside,2018,Age groups,18 to 64 years,18 to 64 years,5058.0,35.0,,299.0,2.0,
Riverside,2018,Age groups,65+ years,65+ years,568.0,15.7,,85.0,2.4,
Riverside,2018,Race/ethnicity,White,All ages,2588.0,34.8,,260.0,3.3,
Riverside,2018,Race/ethnicity,Black,All ages,1742.0,122.1,,99.0,7.3,
Riverside,2018,Race/ethnicity,Hispanic,All ages,3932.0,32.4,,346.0,2.9,
Riverside,2018,Race/ethnicity,Asian/PI,All ages,259.0,18.5,,19.0,1.6,
Riverside,2018,Race/ethnicity,AI/AN,All ages,38.0,33.5,,,,Count and rate suppressed in accordance with data de-identification guidelines
